Nováková;žena;
Novák;žena;
Svobodová;žena;
Svoboda;muž;
Novotná;žena;
Novotný;muž;
Dvořáková;žena;
Dvořák;muž;
Černá;žena;
Černý;muž;
Procházková;žena;
Procházka;muž;
Kučerová;žena;
Kučera;muž;
Veselá;žena;
Veselý;muž;
Nguyen;muž;
Horáková;žena;
Horák;muž;
Krejčí;muž;
Němec;muž;
Němcová;žena;
Marková;žena;
Pokorná;žena;
Marek;muž;
Pospíšilová;žena;
Pospíšil;muž;
Pokorný;muž;
Hájková;žena;
Hájek;muž;
Jelínková;žena;
Králová;žena;
Jelínek;muž;
Král;muž;
Benešová;žena;
Růžička;muž;
Růžičková;žena;
Beneš;muž;
Fialová;žena;
Fiala;muž;
Sedláčková;žena;
Zeman;muž;
Sedláček;muž;
Doležal;muž;
Doležalová;žena;
Zemanová;žena;
Kolářová;žena;
Kolář;muž;
Čermáková;žena;
Navrátil;muž;
Čermák;muž;
Navrátilová;žena;
Urban;muž;
Vaňková;žena;
Urbanová;žena;
Vaněk;muž;
Kratochvílová;žena;
Blažková;žena;
Blažek;muž;
Šimková;žena;
Křížová;žena;
Kříž;muž;
Kopecká;žena;
Kratochvíl;muž;
Kovář;žena;
Bartošová;žena;
Vlčková;žena;
Bartoš;muž;
Kovářová;žena;
Kopecký;muž;
Poláková;žena;
Vlček;muž;
Šimek;muž;
Polák;muž;
Malá;žena;
Čechová;žena;
Malý;muž;
Musil;muž;
Musilová;žena;
Konečná;žena;
Konečný;muž;
Holubová;žena;
Holub;muž;
Čech;muž;
Staňková;žena;
Kadlecová;žena;
Štěpánková;žena;
Kadlec;muž;
Štěpánek;muž;
Staněk;muž;
Dostálová;žena;
Soukupová;žena;
Šťastná;žena;
Dostál;muž;
Soukup;muž;
Šťastný;muž;
Marešová;žena;
Tichá;žena;
Sýkorová;žena;
Mareš;muž;
Sýkora;muž;
Krejčová;žena;
Moravec;muž;
Tichý;muž;
Valentová;žena;
Moravcová;žena;
Bláhová;žena;
Vávrová;žena;
Valenta;muž;
Mašková;žena;
Bláha;muž;
Vávra;muž;
Říhová;žena;
Matoušková;žena;
Matoušek;muž;
Říha;muž;
Machová;žena;
Ševčíková;žena;
Ševčík;muž;
Burešová;žena;
Bureš;muž;
Dušková;žena;
Šmídová;žena;
Hruška;muž;
Mašek;muž;
Jandová;žena;
Hrušková;žena;
Hrubá;žena;
Pavlíková;žena;
Dušek;muž;
Pavlík;muž;
Janda;muž;
Hrubý;muž;
Havlíček;muž;
Havlíčková;žena;
Mach;muž;
Beranová;žena;
Beran;muž;
Liška;muž;
Lišková;žena;
Müller;muž;
Vacková;žena;
Bednář;muž;
Tůmová;žena;
Bárta;muž;
Bártová;žena;
Vacek;muž;
Kašparová;žena;
Bednářová;žena;
Šmíd;muž;
Žáková;žena;
Sedlák;muž;
Tomanová;žena;
Toman;muž;
Švec;muž;
Macháčková;žena;
Macháček;muž;
Tůma;muž;
Kašpar;muž;
Vítek;muž;
Fišerová;žena;
Žák;muž;
Vítková;žena;
Sedláková;žena;
Jarošová;žena;
Švecová;žena;
Janečková;žena;
Pešková;žena;
Stejskalová;žena;
Müllerová;žena;
Stejskal;muž;
Ježková;žena;
Jaroš;muž;
Slavíková;žena;
Matějková;žena;
Bílek;muž;
Bílková;žena;
Strnad;muž;
Krausová;žena;
Slavík;muž;
Ježek;muž;
Beránková;žena;
Strnadová;žena;
Němeček;muž;
Němečková;žena;
Horáčková;žena;
Kočí;muž;
Beránek;muž;
Horváth;muž;
Brožová;žena;
Horáček;muž;
Kraus;muž;
Fišer;muž;
Tesař;muž;
Matějka;muž;
Brož;muž;
Tesařová;žena;
Havlová;žena;
Kubíček;muž;
Kohout;muž;
Kubíčková;žena;
Petrová;žena;
Prokop;muž;
Kohoutová;žena;
Havel;muž;
Prokopová;žena;
Richter;muž;
Pavlíčková;žena;
Pavelková;žena;
Havlík;muž;
Klíma;muž;
Šulcová;žena;
Janeček;muž;
Šulc;muž;
Součková;žena;
Pavlíček;muž;
Klímová;žena;
Suchý;muž;
Havlíková;žena;
Čížková;žena;
Pešek;muž;
Janoušková;žena;
Straka;muž;
Čížek;muž;
Janoušek;muž;
Souček;muž;
Straková;žena;
Tomášková;žena;
Suchá;žena;
Petr;muž;
Horváthová;žena;
Havelková;žena;
Špačková;žena;
Pechová;žena;
Kovaříková;žena;
Špaček;muž;
Filip;muž;
Tran;muž;
Kovařík;muž;
Adámková;žena;
Jedlička;muž;
Kozáková;žena;
Kozák;muž;
Červenková;žena;
Hlaváčková;žena;
Jedličková;žena;
Daňková;žena;
Filipová;žena;
Urbánek;muž;
Hlaváček;muž;
Richterová;žena;
Mrázková;žena;
Adámek;muž;
Červenka;muž;
Havelka;muž;
Zapletalová;žena;
Tomášek;muž;
Urbánková;žena;
Jeřábková;žena;
Jeřábek;muž;
Mrázek;muž;
Zapletal;muž;
Přibylová;žena;
Hanák;muž;
Bendová;žena;
Štěpánová;žena;
Vrba;muž;
Holý;muž;
Čapková;žena;
Daněk;muž;
Stehlík;muž;
Přibyl;muž;
Kubík;muž;
Vrbová;žena;
Macková;žena;
Málek;muž;
Benda;muž;
Štěpán;muž;
Hanáková;žena;
Kubíková;žena;
Hladík;muž;
Holá;žena;
Stehlíková;žena;
Hrdličková;žena;
Kováč;žena;
Vlková;žena;
Hrdlička;muž;
Nová;žena;
Michálková;žena;
Šindelářová;žena;
Málková;žena;
Michálek;muž;
Vlk;muž;
Pavelka;muž;
Dvořáček;muž;
Janků;muž;
Adamcová;žena;
Šindelář;muž;
Váňová;žena;
Nový;muž;
Hladíková;žena;
Volf;muž;
Adamec;muž;
Linhart;muž;
Dvořáčková;žena;
Volfová;žena;
Linhartová;žena;
Brabec;muž;
Klimešová;žena;
Šrámková;žena;
Zelenková;žena;
Brabcová;žena;
Řeháková;žena;
Klimeš;muž;
Zelenka;muž;
Turková;žena;
Řehák;muž;
Vrána;muž;
Vránová;žena;
Šrámek;muž;
Březina;muž;
Váňa;muž;
Hlaváč;muž;
Březinová;žena;
Hlaváčová;žena;
Kořínková;žena;
Kořínek;muž;
Turek;muž;
Řezníček;muž;
Martínek;muž;
Charvátová;žena;
Charvát;muž;
Krátký;muž;
Válková;žena;
Kováčová;žena;
Jílek;muž;
David;muž;
Jílková;žena;
Davidová;žena;
Macek;muž;
Suchánek;muž;
Krátká;žena;
Trnka;muž;
Dlouhá;žena;
Řezníčková;žena;
Sláma;muž;
Martínková;žena;
Polášek;muž;
Slámová;žena;
Holečková;žena;
Nováček;žena;
Polášková;žena;
Trnková;žena;
Stránská;žena;
Suchánková;žena;
Dlouhý;muž;
Burian;muž;
Sládková;žena;
Nováčková;žena;
Hošková;žena;
Čapek;muž;
Burianová;žena;
Ptáčková;žena;
Stránský;muž;
Ptáček;muž;
Holeček;muž;
Nosková;žena;
Sládek;muž;
Šímová;žena;
Lukeš;muž;
Dohnal;muž;
Šíma;muž;
Hošek;muž;
Poláček;muž;
Hanuš;muž;
Hanušová;žena;
Kroupa;muž;
Lukešová;žena;
Malíková;žena;
Pham;muž;
Dohnalová;žena;
Malík;muž;
Kroupová;žena;
Komárková;žena;
Sobotka;muž;
Vašíček;muž;
Švarc;muž;
Švarcová;žena;
Vašíčková;žena;
Komárek;muž;
Chaloupková;žena;
Kubát;muž;
Kubátová;žena;
Vodička;muž;
Vodičková;žena;
Dufková;žena;
Gregorová;žena;
Jirásková;žena;
Vašková;žena;
Vlach;muž;
Nosek;muž;
Válek;muž;
Tomková;žena;
Poláčková;žena;
Šebestová;žena;
Mráz;muž;
Šebesta;muž;
Šedivý;muž;
Le;muž;
Gregor;muž;
Vlachová;žena;
Mrázová;žena;
Sobotková;žena;
Šedivá;žena;
Zajíček;muž;
Fojtík;muž;
Smetanová;žena;
Slezák;muž;
Žáčková;žena;
Smetana;muž;
Kuchař;muž;
Starý;muž;
Prokeš;muž;
Prokešová;žena;
Zajíčková;žena;
Slezáková;žena;
Kalinová;žena;
Stará;žena;
Kuchařová;žena;
Kalina;muž;
Červený;muž;
Fojtíková;žena;
Kopřiva;muž;
Žáček;muž;
Dufek;muž;
Peterková;žena;
Burda;muž;
Chaloupka;muž;
Červená;žena;
Burdová;žena;
Bartoň;muž;
Sikora;muž;
Kopřivová;žena;
Mikeš;muž;
Karásková;žena;
Majerová;žena;
Koudelka;muž;
Karásek;muž;
Vlasák;muž;
Bauer;muž;
Vlasáková;žena;
Majer;muž;
Vondráčková;žena;
Mikešová;žena;
Hofmanová;žena;
Přikrylová;žena;
Duda;muž;
Adam;muž;
Koudelková;žena;
Vondráček;muž;
Hudec;muž;
Hofman;muž;
Pánková;žena;
Přikryl;muž;
Adamová;žena;
Boháčová;žena;
Šebek;muž;
Boháč;muž;
Šebková;žena;
Pánek;muž;
Bartoňová;žena;
Horký;muž;
Martinková;žena;
Diviš;muž;
Baláž;muž;
Štěrba;muž;
Kouba;muž;
Václavík;muž;
Dudová;žena;
Štěrbová;žena;
Chalupová;žena;
Ondráček;muž;
Koubová;žena;
Kocourek;muž;
Chalupa;muž;
Horká;žena;
Ondráčková;žena;
Havránková;žena;
Kuncová;žena;
Jindra;muž;
Kunc;muž;
Petříková;žena;
Radová;žena;
Kocourková;žena;
Jindrová;žena;
Doležel;muž;
Sikorová;žena;
Večeřová;žena;
Petřík;muž;
Bauerová;žena;
Rada;muž;
Jirásek;muž;
Divišová;žena;
Zajíc;muž;
Zajícová;žena;
Uhlíř;muž;
Coufal;muž;
Havránek;muž;
Doleželová;žena;
Václavíková;žena;
Uhlířová;žena;
Kočová;žena;
Tomek;muž;
Zahradník;muž;
Pech;muž;
Berková;žena;
Kvapilová;žena;
Trávníček;muž;
Minařík;muž;
Kvapil;muž;
Dolejší;muž;
Minaříková;žena;
Miková;žena;
Vašek;muž;
Skála;muž;
Zavadil;muž;
Skálová;žena;
Kulhánek;muž;
Zahradníková;žena;
Křížková;žena;
Coufalová;žena;
Hovorková;žena;
Kulhánková;žena;
Bartáková;žena;
Bílý;muž;
Petrů;muž;
Trávníčková;žena;
Čejková;žena;
Škoda;muž;
Langer;muž;
Barták;muž;
Zavadilová;žena;
Hovorka;muž;
Peterka;muž;
Franková;žena;
Marečková;žena;
Vaníčková;žena;
Berka;muž;
Lukáš;muž;
Žižková;žena;
Večeřa;muž;
Mareček;muž;
Škodová;žena;
Tučková;žena;
Melichar;muž;
Uher;muž;
Vaníček;muž;
Žižka;muž;
Křivánková;žena;
Martinek;muž;
Formánek;muž;
Čejka;muž;
Melicharová;žena;
Křivánek;muž;
Hamplová;žena;
Drábek;muž;
Bílá;žena;
Hanzlíková;žena;
Francová;žena;
Formánková;žena;
Neumann;muž;
Drábková;žena;
Balážová;žena;
Lukášová;žena;
Hanzlík;muž;
Červinková;žena;
Vítová;žena;
Kubešová;žena;
Franc;muž;
Řezáčová;žena;
Hubáček;muž;
Kozel;muž;
Šimon;muž;
Smejkal;muž;
Tuček;muž;
Kocián;muž;
Pelikán;muž;
Trojanová;žena;
Neumannová;žena;
Uhrová;žena;
Šimonová;žena;
Váchová;žena;
Kociánová;žena;
Smejkalová;žena;
Balog;muž;
Zatloukal;muž;
Sklenářová;žena;
Kozlová;žena;
Řezáč;muž;
Trojan;muž;
Hampl;muž;
Kos;muž;
Sivák;muž;
Pelikánová;žena;
Křížek;muž;
Červinka;muž;
Koutný;muž;
Sklenář;muž;
Kosová;žena;
Dobeš;muž;
Kupková;žena;
Košťál;muž;
Morávková;žena;
Dobešová;žena;
Lang;muž;
Horová;žena;
Zatloukalová;žena;
Schneider;muž;
Šubrtová;žena;
Hubáčková;žena;
Kupka;muž;
Hora;muž;
Vácha;muž;
Koutná;žena;
Košťálová;žena;
Kubínová;žena;
Morávek;muž;
Veverka;muž;
Malina;muž;
Blahová;žena;
Hradil;muž;
Nečas;muž;
Nečasová;žena;
Kubín;muž;
Šubrt;muž;
Boček;muž;
Vít;muž;
Seidlová;žena;
Smolíková;žena;
Veverková;žena;
Vágner;muž;
Hrdina;muž;
Kolaříková;žena;
Hradilová;žena;
Janík;muž;
Popelka;muž;
Houdek;muž;
Kubová;žena;
Matušková;žena;
Smolík;muž;
Houdková;žena;
Bočková;žena;
Jonáš;muž;
Vu;muž;
Vágnerová;žena;
Hudcová;žena;
Malinová;žena;
Samková;žena;
Sochorová;žena;
Kubeš;muž;
Kolařík;muž;
Lorenc;muž;
Hrdinová;žena;
Kafka;muž;
Martinec;muž;
Valová;žena;
Eliáš;muž;
Buchta;muž;
Eliášová;žena;
Janíková;žena;
Seidl;muž;
Martincová;žena;
Langová;žena;
Čápová;žena;
Ryšavý;muž;
Čáp;muž;
Pekárek;muž;
Šafránková;žena;
Kafková;žena;
Šimůnková;žena;
Popelková;žena;
Jonášová;žena;
Ryšavá;žena;
Skalická;žena;
Šafránek;muž;
Pekárková;žena;
Polívka;muž;
Štefková;žena;
Polívková;žena;
Valášek;muž;
Pražáková;žena;
Pražák;muž;
Skalický;muž;
Hloušek;muž;
Mucha;muž;
Buchtová;žena;
Hloušková;žena;
Balogová;žena;
Vaculík;muž;
Lorencová;žena;
Blaha;muž;
Siváková;žena;
Šimůnek;muž;
Průša;muž;
Gábor;muž;
Klein;muž;
Janíček;muž;
Maříková;žena;
Lacina;muž;
Valášková;žena;
Bučková;žena;
Křenek;muž;
Králík;muž;
Průšová;žena;
Janíčková;žena;
Janů;muž;
Vyskočil;muž;
Nejedlá;žena;
Sochor;muž;
Böhm;muž;
Nedvěd;muž;
Nejedlý;muž;
Smutný;muž;
Langerová;žena;
Šmejkalová;žena;
Mařík;muž;
Vaculíková;žena;
Smutná;žena;
Zelený;muž;
Zemánek;muž;
Fischer;muž;
Nedvědová;žena;
Hořejší;muž;
Vyskočilová;žena;
Šmejkal;muž;
Plachá;žena;
Zelinka;muž;
Křenková;žena;
Pavlů;muž;
Zelinková;žena;
Vala;muž;
Hudeček;muž;
Muchová;žena;
Lacinová;žena;
Kostková;žena;
Chládková;žena;
Bareš;muž;
Hudečková;žena;
Barešová;žena;
Červeňák;muž;
Plachý;muž;
Wolf;muž;
Vaněčková;žena;
Karas;muž;
Böhmová;žena;
Králíková;žena;
Samek;muž;
Holík;muž;
Zelená;žena;
Kostka;muž;
Brázdová;žena;
Brázda;muž;
Demeter;muž;
Karasová;žena;
Čonka;muž;
Homolka;muž;
Schneiderová;žena;
Zemánková;žena;
Chládek;muž;
Homola;muž;
Kleinová;žena;
Dočkal;muž;
Kuba;muž;
Šestáková;žena;
Votava;muž;
Doubek;muž;
Jirků;muž;
Hlavatá;žena;
Pilař;muž;
Hynková;žena;
Šesták;muž;
Husáková;žena;
Sokolová;žena;
Homolová;žena;
Husák;muž;
Sojka;muž;
Holíková;žena;
Schwarz;muž;
Doubková;žena;
Mikulová;žena;
Műller;muž;
Menšík;muž;
Votavová;žena;
Herman;muž;
Sojková;žena;
Jakubec;muž;
Verner;muž;
Műllerová;žena;
Tománek;muž;
Koubková;žena;
Dočkalová;žena;
Vaněček;muž;
Hynek;muž;
Koubek;muž;
Daniel;muž;
Hlavatý;muž;
Pecha;muž;
Ludvík;muž;
Prchalová;žena;
Matula;muž;
Vondra;muž;
Červeňáková;žena;
Pilařová;žena;
Stuchlík;muž;
Antošová;žena;
Antoš;muž;
Plačková;žena;
Hermanová;žena;
Prchal;muž;
Menšíková;žena;
Vondrová;žena;
Homolková;žena;
Sokol;muž;
Fischerová;žena;
Ferenc;muž;
Zima;muž;
Varga;muž;
Kašpárek;muž;
Hašková;žena;
Matulová;žena;
Jakubcová;žena;
Zimová;žena;
Chovanec;muž;
Tománková;žena;
Gabriel;muž;
Koláček;muž;
Stuchlíková;žena;
Matuška;muž;
Vernerová;žena;
Slabý;muž;
Šimečková;žena;
Gáborová;žena;
Hálová;žena;
Chytilová;žena;
Plaček;muž;
Wagner;muž;
Vojtová;žena;
Kohoutková;žena;
Koláčková;žena;
Zbořil;muž;
Hála;muž;
Kotková;žena;
Vojáček;muž;
Buček;muž;
Gabrielová;žena;
Kudrnová;žena;
Janovská;žena;
Kohoutek;muž;
Frank;muž;
Janovský;muž;
Kotek;muž;
Mikula;muž;
Klementová;žena;
Kouřil;muž;
Císařová;žena;
Valeš;muž;
Kudrna;muž;
Šimeček;muž;
Kašpárková;žena;
Machala;muž;
Vojta;muž;
Smrčková;žena;
Wolfová;žena;
Zámečník;muž;
Ludvíková;žena;
Zbořilová;žena;
Chytil;muž;
Císař;muž;
Dolejšová;žena;
Klement;muž;
Slabá;žena;
Dolejš;muž;
Chovancová;žena;
Kouřilová;žena;
Bezděková;žena;
Dudek;muž;
Maršálková;žena;
Čiháková;žena;
Slavíčková;žena;
Hronová;žena;
Fraňková;žena;
Krupička;muž;
Vojáčková;žena;
Valešová;žena;
Záruba;muž;
Machalová;žena;
Šnajdrová;žena;
Slavíček;muž;
Polách;muž;
Dudková;žena;
Demeterová;žena;
Hoang;muž;
Hron;muž;
Javůrek;muž;
Cibulka;muž;
Pařízek;muž;
Krupičková;žena;
Mužík;muž;
Danielová;žena;
Maršálek;muž;
Schmidt;muž;
Čihák;muž;
Slovák;žena;
Krejčík;muž;
Franěk;muž;
Rašková;žena;
Pařízková;žena;
Šolc;muž;
Brožková;žena;
Poláchová;žena;
Míková;žena;
Průchová;žena;
Schwarzová;žena;
Zárubová;žena;
Spáčil;muž;
Tomáš;muž;
Nguyenová;žena;
Zámečníková;žena;
Dubský;muž;
Horvát;muž;
Průcha;muž;
Šafářová;žena;
Šnajdr;muž;
Krejčíková;žena;
Blecha;muž;
Vybíral;muž;
Mužíková;žena;
Pospíchal;muž;
Bezděk;muž;
Javůrková;žena;
Slováková;žena;
Šafář;muž;
Hladký;muž;
Švejdová;žena;
Vybíralová;žena;
Nguyen thi;muž;
Blechová;žena;
Zachová;žena;
Spáčilová;žena;
Srbová;žena;
Švejda;muž;
Dubská;žena;
Hromádková;žena;
Gajdoš;muž;
Cibulková;žena;
Chmelařová;žena;
Ferencová;žena;
Synková;žena;
Víchová;žena;
Kvasnička;muž;
Kvasničková;žena;
Šolcová;žena;
Pelc;muž;
Černík;muž;
Vojtěch;muž;
Zíková;žena;
Míka;muž;
Sova;muž;
Synek;muž;
Vargová;žena;
Bednařík;muž;
Knotková;žena;
Pospíchalová;žena;
Vojtěchová;žena;
Bajer;muž;
Čonková;žena;
Bednaříková;žena;
Tomášová;žena;
Bajerová;žena;
Šustr;muž;
Hrnčíř;muž;
Chmelíková;žena;
Černíková;žena;
Petráš;muž;
Hladká;žena;
Šafaříková;žena;
Knotek;muž;
Zach;muž;
Šafařík;muž;
Pašková;žena;
Svatošová;žena;
Brožek;muž;
Šváb;muž;
Vondráková;žena;
Švábová;žena;
Šustrová;žena;
Trčka;muž;
Zíka;muž;
Oláh;muž;