PSC;Obec;Okres;
10000;Praha;Hlavní město Praha;
10100;Praha;Hlavní město Praha;
10200;Praha;Hlavní město Praha;
10300;Praha;Hlavní město Praha;
10400;Praha;Hlavní město Praha;
10600;Praha;Hlavní město Praha;
10700;Praha;Hlavní město Praha;
10800;Praha;Hlavní město Praha;
10900;Praha;Hlavní město Praha;
11000;Praha;Hlavní město Praha;
11800;Praha;Hlavní město Praha;
11900;Praha;Hlavní město Praha;
12000;Praha;Hlavní město Praha;
12800;Praha;Hlavní město Praha;
13000;Praha;Hlavní město Praha;
14000;Praha;Hlavní město Praha;
14100;Praha;Hlavní město Praha;
14200;Praha;Hlavní město Praha;
14300;Praha;Hlavní město Praha;
14400;Praha;Hlavní město Praha;
14700;Praha;Hlavní město Praha;
14800;Praha;Hlavní město Praha;
15000;Praha;Hlavní město Praha;
15200;Praha;Hlavní město Praha;
15300;Praha;Hlavní město Praha;
15400;Praha;Hlavní město Praha;
15500;Praha;Hlavní město Praha;
15521;Praha;Hlavní město Praha;
15531;Praha;Hlavní město Praha;
15600;Praha;Hlavní město Praha;
15800;Praha;Hlavní město Praha;
15900;Praha;Hlavní město Praha;
16000;Praha;Hlavní město Praha;
16005;Praha;Hlavní město Praha;
16100;Praha;Hlavní město Praha;
16200;Praha;Hlavní město Praha;
16300;Praha;Hlavní město Praha;
16400;Praha;Hlavní město Praha;
16500;Praha;Hlavní město Praha;
16900;Praha;Hlavní město Praha;
17000;Praha;Hlavní město Praha;
17100;Praha;Hlavní město Praha;
18000;Praha;Hlavní město Praha;
18100;Praha;Hlavní město Praha;
18200;Praha;Hlavní město Praha;
18400;Praha;Hlavní město Praha;
18600;Praha;Hlavní město Praha;
19000;Praha;Hlavní město Praha;
19011;Praha;Hlavní město Praha;
19012;Praha;Hlavní město Praha;
19014;Praha;Hlavní město Praha;
19015;Praha;Hlavní město Praha;
19016;Praha;Hlavní město Praha;
19017;Praha;Hlavní město Praha;
19300;Praha;Hlavní město Praha;
19600;Praha;Hlavní město Praha;
19700;Praha;Hlavní město Praha;
19800;Praha;Hlavní město Praha;
19900;Praha;Hlavní město Praha;
25001;Brandýs nad Labem-Stará Boleslav;Praha-východ;
25063;Brázdim;Praha-východ;
25064;Hovorčovice;Praha-východ;
25065;Bašť;Praha-východ;
25066;Zdiby;Praha-východ;
25067;Klecany;Praha-východ;
25068;Husinec;Praha-východ;
25069;Klíčany;Praha-východ;
25070;Odolena Voda;Praha-východ;
25072;Kojetice;Mělník;
25073;Jenštejn;Praha-východ;
25075;Káraný;Praha-východ;
25081;Nehvizdy;Praha-východ;
25082;Dobročovice;Praha-východ;
25083;Škvorec;Praha-východ;
25084;Křenice;Praha-východ;
25087;Mochov;Praha-východ;
25088;Bříství;Nymburk;
25089;Lázně Toušeň;Praha-východ;
25090;Jirny;Praha-východ;
25091;Jenštejn;Praha-východ;
25092;Šestajovice;Praha-východ;
25101;Babice;Praha-východ;
25162;Louňovice;Praha-východ;
25163;Kunice;Praha-východ;
25164;Kaliště;Praha-východ;
25165;Kaliště;Praha-východ;
25166;Hrusice;Praha-východ;
25167;Nespeky;Benešov;
25168;Kamenice;Praha-východ;
25169;Kunice;Praha-východ;
25170;Čestlice;Praha-východ;
25202;Jíloviště;Praha-západ;
25203;Líšnice;Praha-západ;
25204;Čisovice;Praha-západ;
25205;Bratřínov;Praha-západ;
25206;Bojanovice;Praha-západ;
25207;Štěchovice;Praha-západ;
25208;Buš;Praha-západ;
25209;Hradištko;Praha-západ;
25210;Černolice;Praha-západ;
25216;Nučice;Praha-západ;
25217;Chýnice;Praha-západ;
25218;Ptice;Praha-západ;
25219;Drahelčice;Praha-západ;
25225;Dobříč;Praha-západ;
25226;Černošice;Praha-západ;
25228;Černošice;Praha-západ;
25229;Dobřichovice;Praha-západ;
25230;Hlásná Třebaň;Beroun;
25231;Všenory;Praha-západ;
25241;Dolní Břežany;Praha-západ;
25242;Jesenice;Praha-západ;
25243;Čestlice;Praha-východ;
25244;Psáry;Praha-západ;
25245;Březová-Oleško;Praha-západ;
25246;Dolní Břežany;Praha-západ;
25261;Dobrovíz;Praha-západ;
25262;Horoměřice;Praha-západ;
25263;Roztoky;Praha-západ;
25264;Číčovice;Praha-západ;
25265;Holubice;Praha-západ;
25266;Libčice nad Vltavou;Praha-západ;
25267;Tuchoměřice;Praha-západ;
25268;Číčovice;Praha-západ;
25281;Petrov;Praha-západ;
25282;Kamenný Přívoz;Praha-západ;
25301;Hostivice;Praha-západ;
25401;Jílové u Prahy;Praha-západ;
25601;Benešov;Benešov;
25701;Chotýšany;Benešov;
25702;Popovice;Benešov;
25703;Bystřice;Benešov;
25705;Zvěstov;Benešov;
25706;Kamberk;Benešov;
25708;Načeradec;Benešov;
25709;Pravonín;Benešov;
25721;Bukovany;Benešov;
25722;Čerčany;Benešov;
25723;Přestavlky u Čerčan;Benešov;
25724;Čakov;Benešov;
25726;Bílkovice;Benešov;
25728;Chotýšany;Benešov;
25741;Bukovany;Benešov;
25742;Krhanice;Benešov;
25744;Chářovice;Benešov;
25751;Bystřice;Benešov;
25753;Bystřice;Benešov;
25754;Vojkov;Benešov;
25755;Maršovice;Benešov;
25756;Chrášťany;Benešov;
25762;Tehov;Benešov;
25763;Hulice;Benešov;
25764;Zdislavice;Benešov;
25765;Bernartice;Benešov;
25766;Křivsoudov;Benešov;
25768;Blažejovice;Benešov;
25771;Soutice;Benešov;
25786;Červený Újezd;Benešov;
25787;Střezimíř;Benešov;
25788;Červený Újezd;Benešov;
25789;Červený Újezd;Benešov;
25790;Smilkov;Benešov;
25791;Červený Újezd;Benešov;
25792;Sedlec-Prčice;Příbram;
25801;Ctiboř;Benešov;
25901;Maršovice;Benešov;
26101;Drahlín;Příbram;
26202;Dobříš;Příbram;
26203;Bojanovice;Praha-západ;
26204;Nová Ves pod Pleší;Příbram;
26205;Bojanovice;Praha-západ;
26206;Chotilsko;Příbram;
26211;Rosovice;Příbram;
26212;Obořiště;Příbram;
26213;Nečín;Příbram;
26214;Hřiměždice;Příbram;
26215;Borotice;Příbram;
26221;Brdy;Příbram;
26222;Hluboš;Příbram;
26223;Bratkovice;Příbram;
26225;Pičín;Příbram;
26231;Bohostice;Příbram;
26232;Pečice;Příbram;
26241;Bohutín;Příbram;
26242;Bělčice;Strakonice;
26243;Věšín;Příbram;
26244;Hvožďany;Příbram;
26251;Dublovice;Příbram;
26252;Vysoký Chlumec;Příbram;
26255;Krásná Hora nad Vltavou;Příbram;
26256;Dublovice;Příbram;
26261;Višňová;Příbram;
26262;Dolní Hbity;Příbram;
26263;Bohostice;Příbram;
26272;Březnice;Příbram;
26281;Tochovice;Příbram;
26284;Kozárovice;Příbram;
26285;Drahenice;Příbram;
26291;Kosova Hora;Příbram;
26293;Křepenice;Příbram;
26301;Borotice;Příbram;
26401;Dublovice;Příbram;
26601;Beroun;Beroun;
26701;Bykoš;Beroun;
26703;Hudlice;Beroun;
26705;Nižbor;Beroun;
26706;Hýskov;Beroun;
26707;Chyňava;Beroun;
26711;Beroun;Beroun;
26712;Chrustenice;Beroun;
26716;Vysoký Újezd;Beroun;
26717;Mořina;Beroun;
26718;Bubovice;Beroun;
26721;Tmaň;Beroun;
26722;Suchomasty;Beroun;
26723;Lhotka;Beroun;
26724;Běštín;Beroun;
26725;Osov;Beroun;
26726;Všeradice;Beroun;
26727;Korno;Beroun;
26728;Svinaře;Beroun;
26729;Zadní Třebaň;Beroun;
26741;Kublov;Beroun;
26742;Broumy;Beroun;
26743;Bzová;Beroun;
26751;Bavoryně;Beroun;
26753;Žebrák;Beroun;
26754;Praskolesy;Beroun;
26761;Cerhovice;Beroun;
26762;Brdy;Příbram;
26763;Brdy;Příbram;
26764;Olešná;Beroun;
26801;Felbabka;Beroun;
26901;Lišany;Rakovník;
27001;Chrášťany;Rakovník;
27002;Kolešovice;Rakovník;
27004;Děkov;Rakovník;
27006;Janov;Rakovník;
27007;Kounov;Rakovník;
27008;Hředle;Rakovník;
27009;Krupá;Rakovník;
27021;Lašovice;Rakovník;
27023;Branov;Rakovník;
27024;Račice;Rakovník;
27031;Pšovlky;Rakovník;
27032;Oráčov;Rakovník;
27033;Drahouš;Rakovník;
27034;Břežany;Rakovník;
27035;Hvozd;Rakovník;
27036;Lubná;Rakovník;
27041;Hracholusky;Rakovník;
27042;Skryje;Rakovník;
27051;Lužná;Rakovník;
27052;Lišany;Rakovník;
27053;Krušovice;Rakovník;
27054;Bdín;Rakovník;
27055;Pochvalov;Rakovník;
27061;Lány;Kladno;
27062;Rynholec;Rakovník;
27064;Mšec;Rakovník;
27065;Srbeč;Rakovník;
27101;Lány;Kladno;
27201;Kladno;Kladno;
27203;Kladno;Kladno;
27204;Kladno;Kladno;
27206;Libušín;Kladno;
27301;Kamenné Žehrovice;Kladno;
27302;Tuchlovice;Kladno;
27303;Stochov;Kladno;
27304;Hradečno;Kladno;
27305;Ledce;Kladno;
27306;Hrdlív;Kladno;
27307;Vinařice;Kladno;
27308;Pchery;Kladno;
27309;Kladno;Kladno;
27321;Hobšovice;Kladno;
27322;Hospozín;Kladno;
27323;Černuc;Kladno;
27324;Černuc;Kladno;
27325;Podlešín;Kladno;
27326;Kamenný Most;Kladno;
27327;Otvovice;Kladno;
27328;Blevice;Kladno;
27329;Koleč;Kladno;
27341;Brandýsek;Kladno;
27342;Dřetovice;Kladno;
27343;Buštěhrad;Kladno;
27345;Hřebeč;Kladno;
27351;Braškov;Kladno;
27353;Běloky;Kladno;
27354;Lidice;Kladno;
27361;Velká Dobrá;Kladno;
27362;Bratronice;Kladno;
27363;Běleč;Kladno;
27364;Doksy;Kladno;
27371;Beřovice;Kladno;
27372;Jarpice;Kladno;
27373;Vraný;Kladno;
27374;Bílichov;Kladno;
27375;Kutrovice;Kladno;
27376;Líský;Kladno;
27377;Drnek;Kladno;
27378;Jedomělice;Kladno;
27379;Libovice;Kladno;
27401;Dřínov;Kladno;
27601;Býkev;Mělník;
27701;Dolní Beřkovice;Mělník;
27703;Horní Počaply;Mělník;
27704;Cítov;Mělník;
27705;Jeviněves;Mělník;
27706;Lužec nad Vltavou;Mělník;
27707;Vraňany;Mělník;
27708;Ledčice;Mělník;
27711;Libiš;Mělník;
27713;Kostelec nad Labem;Mělník;
27714;Borek;Praha-východ;
27715;Tišice;Mělník;
27716;Všetaty;Mělník;
27721;Dobřeň;Mělník;
27723;Dobřeň;Mělník;
27724;Nebužely;Mělník;
27731;Lhotka;Mělník;
27732;Byšice;Mělník;
27733;Řepín;Mělník;
27734;Nebužely;Mělník;
27735;Chorušice;Mělník;
27736;Lobeč;Mělník;
27737;Chorušice;Mělník;
27738;Mělnické Vtelno;Mělník;
27741;Kly;Mělník;
27742;Obříství;Mělník;
27743;Chlumín;Mělník;
27744;Hostín u Vojkovic;Mělník;
27745;Dřínov;Mělník;
27746;Veltrusy;Mělník;
27751;Nelahozeves;Mělník;
27752;Nová Ves;Mělník;
27801;Dolany;Mělník;
28002;Bělušice;Kolín;
28101;Velim;Kolín;
28102;Cerhenice;Kolín;
28103;Chotutice;Kolín;
28104;Plaňany;Kolín;
28106;Vitice;Kolín;
28107;Svojšice;Kolín;
28121;Červené Pečky;Kolín;
28123;Starý Kolín;Kolín;
28125;Konárovice;Kolín;
28126;Labské Chrčice;Pardubice;
28127;Krakovany;Kolín;
28128;Radovesnice II;Kolín;
28129;Žiželice;Kolín;
28130;Ohaře;Kolín;
28141;Ratboř;Kolín;
28143;Bečváry;Kolín;
28144;Bečváry;Kolín;
28146;Horní Kruty;Kolín;
28151;Velký Osek;Kolín;
28161;Kouřim;Kolín;
28162;Oleška;Praha-východ;
28163;Barchovice;Kolín;
28166;Jevany;Praha-východ;
28167;Stříbrná Skalice;Praha-východ;
28171;Rostoklaty;Kolín;
28201;Břežany II;Kolín;
28401;Bernardov;Kutná Hora;
28403;Kutná Hora;Kutná Hora;
28404;Kutná Hora;Kutná Hora;
28501;Miskovice;Kutná Hora;
28502;Suchdol;Kutná Hora;
28504;Bečváry;Kolín;
28506;Choratice;Benešov;
28507;Rataje nad Sázavou;Kutná Hora;
28509;Kácov;Kutná Hora;
28510;Čestín;Kutná Hora;
28511;Nepoměřice;Kutná Hora;
28521;Zbraslavice;Kutná Hora;
28522;Bohdaneč;Kutná Hora;
28523;Vlastějovice;Kutná Hora;
28525;Bohdaneč;Kutná Hora;
28531;Nové Dvory;Kutná Hora;
28532;Hlízov;Kutná Hora;
28533;Církvice;Kutná Hora;
28541;Malešov;Kutná Hora;
28542;Červené Janovice;Kutná Hora;
28543;Paběnice;Kutná Hora;
28544;Třebonín;Kutná Hora;
28545;Kluky;Kutná Hora;
28546;Úmonín;Kutná Hora;
28547;Křesetice;Kutná Hora;
28561;Žleby;Kutná Hora;
28562;Hostovlice;Kutná Hora;
28563;Potěhy;Kutná Hora;
28564;Vlkaneč;Kutná Hora;
28565;Zbýšov;Kutná Hora;
28571;Vrdy;Kutná Hora;
28572;Bílé Podolí;Kutná Hora;
28573;Horušice;Kutná Hora;
28574;Záboří nad Labem;Kutná Hora;
28575;Žehušice;Kutná Hora;
28576;Chotusice;Kutná Hora;
28601;Adamov;Kutná Hora;
28802;Budiměřice;Nymburk;
28901;Činěves;Nymburk;
28902;Chotěšice;Nymburk;
28903;Dlouhopolsko;Nymburk;
28904;Kolaje;Nymburk;
28905;Dobšice;Nymburk;
28906;Opolany;Nymburk;
28907;Libice nad Cidlinou;Nymburk;
28908;Běrunice;Nymburk;
28911;Dobřichov;Kolín;
28912;Hradištko;Nymburk;
28913;Hořátev;Nymburk;
28914;Hořany;Nymburk;
28915;Bříství;Nymburk;
28916;Přerov nad Labem;Nymburk;
28917;Semice;Nymburk;
28921;Kostomlátky;Nymburk;
28922;Jiřice;Nymburk;
28923;Milovice;Nymburk;
28924;Milovice;Nymburk;
28925;Čilec;Nymburk;
28926;Stará Lysá;Nymburk;
28931;Bobnice;Nymburk;
28932;Bobnice;Nymburk;
28933;Křinec;Nymburk;
28934;Chotěšice;Nymburk;
28935;Košík;Nymburk;
28936;Mcely;Nymburk;
28937;Loučeň;Nymburk;
28941;Oseček;Nymburk;
29001;Choťánky;Nymburk;
29301;Bukovno;Mladá Boleslav;
29306;Bakov nad Jizerou;Mladá Boleslav;
29307;Hrdlořezy;Mladá Boleslav;
29401;Bakov nad Jizerou;Mladá Boleslav;
29402;Branžež;Mladá Boleslav;
29403;Obruby;Mladá Boleslav;
29404;Dobšín;Mladá Boleslav;
29405;Dlouhá Lhota;Mladá Boleslav;
29406;Březno;Mladá Boleslav;
29411;Březina;Mladá Boleslav;
29412;Žďár;Mladá Boleslav;
29413;Chocnějovice;Mladá Boleslav;
29414;Jivina;Mladá Boleslav;
29415;Klášter Hradiště nad Jizerou;Mladá Boleslav;
29421;Bělá pod Bezdězem;Mladá Boleslav;
29423;Čistá;Mladá Boleslav;
29424;Březovice;Mladá Boleslav;
29425;Bělá pod Bezdězem;Mladá Boleslav;
29426;Boreč;Mladá Boleslav;
29427;Velké Všelisy;Mladá Boleslav;
29428;Chotětov;Mladá Boleslav;
29429;Bezno;Mladá Boleslav;
29430;Doubravička;Mladá Boleslav;
29431;Jizerní Vtelno;Mladá Boleslav;
29441;Dobrovice;Mladá Boleslav;
29442;Dobrovice;Mladá Boleslav;
29443;Čachovice;Mladá Boleslav;
29445;Charvatce;Mladá Boleslav;
29446;Ctiměřice;Mladá Boleslav;
29447;Ledce;Mladá Boleslav;
29448;Domousnice;Mladá Boleslav;
29471;Benátky nad Jizerou;Mladá Boleslav;
29473;Brodce;Mladá Boleslav;
29474;Hlavenec;Praha-východ;
29475;Sojovice;Mladá Boleslav;
29476;Kostelní Hlavno;Praha-východ;
29477;Mečeříž;Mladá Boleslav;
29478;Dolní Slivno;Mladá Boleslav;
29479;Horní Slivno;Mladá Boleslav;
29501;Bílá Hlína;Mladá Boleslav;
30100;Dobřany;Plzeň-jih;
31200;Plzeň;Plzeň-město;
31600;Plzeň;Plzeň-město;
31800;Plzeň;Plzeň-město;
32000;Plzeň;Plzeň-město;
32100;Dobřany;Plzeň-jih;
32200;Plzeň;Plzeň-město;
32300;Chotíkov;Plzeň-sever;
32600;Letkov;Plzeň-město;
33001;Kyšice;Plzeň-město;
33002;Dýšina;Plzeň-město;
33003;Chrást;Plzeň-město;
33005;Dobříč;Plzeň-sever;
33007;Druztová;Plzeň-sever;
33008;Zruč-Senec;Plzeň-sever;
33011;Česká Bříza;Plzeň-sever;
33012;Horní Bělá;Plzeň-sever;
33013;Krašovice;Plzeň-sever;
33014;Ledce;Plzeň-sever;
33016;Všeruby;Plzeň-sever;
33017;Chotíkov;Plzeň-sever;
33021;Líně;Plzeň-sever;
33022;Zbůch;Plzeň-sever;
33023;Blatnice;Plzeň-sever;
33024;Heřmanova Huť;Plzeň-sever;
33025;Blatnice;Plzeň-sever;
33026;Tlučná;Plzeň-sever;
33027;Plzeň;Plzeň-město;
33032;Bdeněves;Plzeň-sever;
33033;Čeminy;Plzeň-sever;
33035;Kunějovice;Plzeň-sever;
33036;Čerňovice;Plzeň-sever;
33038;Bezvěrov;Plzeň-sever;
33040;Úterý;Plzeň-sever;
33041;Bezvěrov;Plzeň-sever;
33101;Dražeň;Plzeň-sever;
33141;Bílov;Plzeň-sever;
33144;Kožlany;Plzeň-sever;
33151;Dobříč;Plzeň-sever;
33152;Bučí;Plzeň-sever;
33162;Krsy;Plzeň-sever;
33163;Nečtiny;Plzeň-sever;
33165;Pastuchovice;Plzeň-sever;
33201;Lhůta;Plzeň-město;
33202;Starý Plzenec;Plzeň-město;
33203;Šťáhlavy;Plzeň-město;
33204;Chlum;Plzeň-jih;
33205;Chválenice;Plzeň-město;
33207;Střížovice;Plzeň-jih;
33209;Čižice;Plzeň-jih;
33211;Hradec;Plzeň-jih;
33214;Chotěšov;Plzeň-jih;
33301;Honezovice;Plzeň-jih;
33401;Biřkov;Klatovy;
33441;Dobřany;Plzeň-jih;
33442;Chlumčany;Plzeň-jih;
33443;Dnešice;Plzeň-jih;
33444;Dolní Lukavice;Plzeň-jih;
33452;Buková;Plzeň-jih;
33453;Roupov;Plzeň-jih;
33454;Lužany;Plzeň-jih;
33455;Horšice;Plzeň-jih;
33501;Čížkov;Plzeň-jih;
33503;Nepomuk;Plzeň-jih;
33541;Vrčeň;Plzeň-jih;
33543;Mladý Smolivec;Plzeň-jih;
33544;Hradiště;Plzeň-jih;
33546;Oselce;Plzeň-jih;
33547;Nekvasovy;Plzeň-jih;
33551;Měcholupy;Plzeň-jih;
33554;Žinkovy;Plzeň-jih;
33555;Neurazy;Plzeň-jih;
33561;Borovno;Plzeň-jih;
33563;Čížkov;Plzeň-jih;
33564;Čížkov;Plzeň-jih;
33601;Blovice;Plzeň-jih;
33701;Dobřív;Rokycany;
33801;Holoubkov;Rokycany;
33805;Mýto;Rokycany;
33806;Cheznovice;Rokycany;
33808;Cekov;Rokycany;
33821;Osek;Rokycany;
33822;Svojkovice;Rokycany;
33824;Bezděkov;Rokycany;
33828;Hlohovice;Rokycany;
33841;Klabava;Rokycany;
33842;Hrádek;Rokycany;
33843;Brdy;Příbram;
33844;Dobřív;Rokycany;
33845;Strašice;Rokycany;
33901;Běšiny;Klatovy;
34004;Železná Ruda;Klatovy;
34012;Biřkov;Klatovy;
34021;Běhařov;Klatovy;
34022;Dešenice;Klatovy;
34034;Hnačov;Klatovy;
34101;Břežany;Klatovy;
34142;Čachrov;Klatovy;
34151;Velký Bor;Klatovy;
34192;Kašperské Hory;Klatovy;
34201;Budětice;Klatovy;
34401;Babylon;Domažlice;
34501;Mrákov;Domažlice;
34502;Kout na Šumavě;Domažlice;
34506;Brnířov;Domažlice;
34507;Všeruby;Domažlice;
34509;Pocinovice;Domažlice;
34521;Meclov;Domažlice;
34522;Bělá nad Radbuzou;Domažlice;
34525;Bělá nad Radbuzou;Domažlice;
34526;Bělá nad Radbuzou;Domažlice;
34532;Česká Kubice;Domažlice;
34533;Chodov;Domažlice;
34534;Klenčí pod Čerchovem;Domažlice;
34535;Postřekov;Domažlice;
34543;Hradiště;Domažlice;
34545;Blížejov;Domažlice;
34553;Mířkov;Domažlice;
34561;Čermná;Domažlice;
34562;Bukovec;Domažlice;
34601;Blížejov;Domažlice;
34701;Ctiboř;Tachov;
34801;Bor;Tachov;
34802;Bor;Tachov;
34806;Hošťka;Tachov;
34813;Chodová Planá;Tachov;
34815;Bor;Tachov;
34901;Benešovice;Tachov;
34952;Cebiv;Tachov;
34953;Bezdružice;Tachov;
34958;Černošín;Tachov;
34961;Kladruby;Tachov;
34972;Trpísty;Tachov;
35002;Dolní Žandov;Cheb;
35101;Františkovy Lázně;Cheb;
35124;Hranice;Cheb;
35131;Libá;Cheb;
35132;Hazlov;Cheb;
35134;Cheb;Cheb;
35135;Plesná;Cheb;
35137;Luby;Cheb;
35201;Aš;Cheb;
35301;Drmoul;Cheb;
35491;Lázně Kynžvart;Cheb;
35493;Dolní Žandov;Cheb;
35601;Březová;Sokolov;
35604;Dolní Rychnov;Sokolov;
35701;Rotava;Sokolov;
35703;Svatava;Sokolov;
35707;Oloví;Sokolov;
35708;Krajková;Sokolov;
35709;Citice;Sokolov;
35731;Horní Slavkov;Sokolov;
35733;Loket;Sokolov;
35734;Nové Sedlo;Sokolov;
35735;Chodov;Sokolov;
35751;Kaceřov;Sokolov;
35755;Bukovany;Sokolov;
35801;Bublava;Sokolov;
36001;Březová;Karlovy Vary;
36002;Březová;Karlovy Vary;
36004;Karlovy Vary;Karlovy Vary;
36005;Karlovy Vary;Karlovy Vary;
36006;Hradiště;Karlovy Vary;
36007;Karlovy Vary;Karlovy Vary;
36010;Karlovy Vary;Karlovy Vary;
36017;Karlovy Vary;Karlovy Vary;
36018;Karlovy Vary;Karlovy Vary;
36221;Černava;Karlovy Vary;
36222;Nejdek;Karlovy Vary;
36225;Božičany;Karlovy Vary;
36233;Hroznětín;Karlovy Vary;
36234;Merklín;Karlovy Vary;
36235;Abertamy;Karlovy Vary;
36236;Pernink;Karlovy Vary;
36251;Jáchymov;Karlovy Vary;
36263;Dalovice;Karlovy Vary;
36272;Kyselka;Karlovy Vary;
36273;Vojkovice;Karlovy Vary;
36301;Boží Dar;Karlovy Vary;
36401;Chodov;Karlovy Vary;
36452;Čichalov;Karlovy Vary;
36453;Čichalov;Karlovy Vary;
36461;Teplá;Cheb;
36464;Bečov nad Teplou;Karlovy Vary;
36471;Andělská Hora;Karlovy Vary;
37001;Boršov nad Vltavou;České Budějovice;
37004;České Budějovice;České Budějovice;
37005;České Budějovice;České Budějovice;
37006;Borovnice;České Budějovice;
37007;Borovnice;České Budějovice;
37008;České Budějovice;České Budějovice;
37010;České Budějovice;České Budějovice;
37011;České Budějovice;České Budějovice;
37012;České Budějovice;České Budějovice;
37301;Temelín;České Budějovice;
37302;Všemyslice;České Budějovice;
37304;Chrášťany;České Budějovice;
37311;Ledenice;České Budějovice;
37312;Borovany;České Budějovice;
37314;Komařice;České Budějovice;
37315;Nová Ves;České Budějovice;
37316;Dobrá Voda u Českých Budějovic;České Budějovice;
37321;Slavče;České Budějovice;
37322;Ločenice;České Budějovice;
37323;Svatý Jan nad Malší;České Budějovice;
37324;Římov;České Budějovice;
37331;Olešnice;České Budějovice;
37332;Borovany;České Budějovice;
37333;Nové Hrady;České Budějovice;
37335;Horní Stropnice;České Budějovice;
37336;Horní Stropnice;České Budějovice;
37341;Břehov;České Budějovice;
37343;Hluboká nad Vltavou;České Budějovice;
37344;Zliv;České Budějovice;
37346;Pištín;České Budějovice;
37347;Sedlec;České Budějovice;
37348;Dívčice;České Budějovice;
37349;Mydlovary;České Budějovice;
37350;Olešník;České Budějovice;
37351;Dříteň;České Budějovice;
37361;Hrdějovice;České Budějovice;
37362;Chotýčany;České Budějovice;
37363;Mazelov;České Budějovice;
37364;Bošilec;České Budějovice;
37365;Bošilec;České Budějovice;
37366;Žimutice;České Budějovice;
37367;Borek;České Budějovice;
37371;Adamov;České Budějovice;
37372;Hvozdec;České Budějovice;
37373;Libín;České Budějovice;
37381;Kamenný Újezd;České Budějovice;
37382;Boršov nad Vltavou;České Budějovice;
37384;Branišov;České Budějovice;
37401;Čížkrajice;České Budějovice;
37501;Albrechtice nad Vltavou;Písek;
37701;Blažejov;Jindřichův Hradec;
37801;Lásenice;Jindřichův Hradec;
37802;Číměř;Jindřichův Hradec;
37803;Majdalena;Jindřichův Hradec;
37804;Chlum u Třeboně;Jindřichův Hradec;
37806;Halámky;Jindřichův Hradec;
37807;Rapšach;Jindřichův Hradec;
37808;Dvory nad Lužnicí;Jindřichův Hradec;
37809;Nová Ves nad Lužnicí;Jindřichův Hradec;
37810;České Velenice;Jindřichův Hradec;
37816;Lomnice nad Lužnicí;Jindřichův Hradec;
37817;Novosedly nad Nežárkou;Jindřichův Hradec;
37818;Pístina;Jindřichův Hradec;
37821;Březina;Jindřichův Hradec;
37824;Pluhův Žďár;Jindřichův Hradec;
37825;Deštná;Jindřichův Hradec;
37826;Lodhéřov;Jindřichův Hradec;
37831;Horní Pěna;Jindřichův Hradec;
37832;Číměř;Jindřichův Hradec;
37833;Číměř;Jindřichův Hradec;
37841;Jarošov nad Nežárkou;Jindřichův Hradec;
37842;Bednárec;Jindřichův Hradec;
37843;Horní Radouň;Jindřichův Hradec;
37846;Roseč;Jindřichův Hradec;
37852;Blažejov;Jindřichův Hradec;
37853;Bořetín;Jindřichův Hradec;
37855;Popelín;Jindřichův Hradec;
37856;Jilem;Jindřichův Hradec;
37861;Člunek;Jindřichův Hradec;
37862;Kunžak;Jindřichův Hradec;
37871;Staré Hobzí;Jindřichův Hradec;
37872;Písečné;Jindřichův Hradec;
37873;Dešná;Jindřichův Hradec;
37881;Cizkrajov;Jindřichův Hradec;
37882;Staré Město pod Landštejnem;Jindřichův Hradec;
37883;Český Rudolec;Jindřichův Hradec;
37891;Budíškovice;Jindřichův Hradec;
37892;Budeč;Jindřichův Hradec;
37901;Cep;Jindřichův Hradec;
38001;Báňovice;Jindřichův Hradec;
38101;Bohdalovice;Český Krumlov;
38201;Dolní Třebonín;Český Krumlov;
38202;Zlatá Koruna;Český Krumlov;
38203;Brloh;Český Krumlov;
38206;Brloh;Český Krumlov;
38208;Chvalšiny;Český Krumlov;
38211;Bohdalovice;Český Krumlov;
38216;Světlík;Český Krumlov;
38218;Rožmberk nad Vltavou;Český Krumlov;
38221;Kájov;Český Krumlov;
38222;Hořice na Šumavě;Český Krumlov;
38223;Černá v Pošumaví;Český Krumlov;
38226;Boletice;Český Krumlov;
38229;Boletice;Český Krumlov;
38232;Dolní Třebonín;Český Krumlov;
38241;Benešov nad Černou;Český Krumlov;
38242;Střítež;Český Krumlov;
38272;Dolní Dvořiště;Český Krumlov;
38273;Frymburk;Český Krumlov;
38276;Loučovice;Český Krumlov;
38278;Lipno nad Vltavou;Český Krumlov;
38279;Frymburk;Český Krumlov;
38281;Besednice;Český Krumlov;
38282;Benešov nad Černou;Český Krumlov;
38283;Pohorská Ves;Český Krumlov;
38291;Malonty;Český Krumlov;
38292;Rožmitál na Šumavě;Český Krumlov;
38293;Horní Dvořiště;Český Krumlov;
38301;Buk;Prachatice;
38401;Nebahovy;Prachatice;
38402;Lhenice;Prachatice;
38403;Ktiš;Prachatice;
38404;Chroboly;Prachatice;
38411;Babice;Prachatice;
38421;Husinec;Prachatice;
38422;Bohunice;Prachatice;
38425;Dub;Prachatice;
38426;Strunkovice nad Blanicí;Prachatice;
38427;Vitějovice;Prachatice;
38432;Lažiště;Prachatice;
38433;Záblatí;Prachatice;
38441;Zbytiny;Prachatice;
38442;Lenora;Prachatice;
38443;Strážný;Prachatice;
38444;Stožec;Prachatice;
38451;Horní Planá;Český Krumlov;
38462;Nová Pec;Prachatice;
38471;Šumavské Hoštice;Prachatice;
38472;Zdíkov;Prachatice;
38473;Drážov;Strakonice;
38481;Bohumilice;Prachatice;
38486;Vacov;Prachatice;
38491;Horní Vltavice;Prachatice;
38492;Borová Lada;Prachatice;
38493;Kvilda;Prachatice;
38501;Borová Lada;Prachatice;
38601;Bratronice;Strakonice;
38701;Čepřovice;Strakonice;
38706;Malenice;Strakonice;
38711;Katovice;Strakonice;
38715;Střelské Hoštice;Strakonice;
38716;Hoslovice;Strakonice;
38719;Čestice;Strakonice;
38731;Radomyšl;Strakonice;
38732;Sedlice;Strakonice;
38733;Kadov;Strakonice;
38734;Záboří;Strakonice;
38735;Doubravice;Strakonice;
38736;Mečichov;Strakonice;
38737;Třebohostice;Strakonice;
38742;Bělčice;Strakonice;
38743;Bělčice;Strakonice;
38751;Štěkeň;Strakonice;
38752;Cehnice;Strakonice;
38756;Čepřovice;Strakonice;
38771;Číčenice;Strakonice;
38772;Libějovice;Strakonice;
38773;Bavorov;Strakonice;
38775;Skočice;Strakonice;
38801;Bělčice;Strakonice;
38901;Bavorov;Strakonice;
39001;Tábor;Tábor;
39002;Košice;Tábor;
39003;Tábor;Tábor;
39005;Tábor;Tábor;
39101;Sezimovo Ústí;Tábor;
39102;Planá nad Lužnicí;Tábor;
39111;Planá nad Lužnicí;Tábor;
39116;Myslkovice;Tábor;
39117;Košice;Tábor;
39118;Choustník;Tábor;
39120;Radenín;Tábor;
39121;Turovec;Tábor;
39126;Tučapy;Tábor;
39127;Dírná;Tábor;
39131;Balkova Lhota;Tábor;
39132;Jistebnice;Tábor;
39133;Borotín;Tábor;
39135;Borotín;Tábor;
39136;Sudoměřice u Tábora;Tábor;
39137;Chotoviny;Tábor;
39142;Ratibořské Hory;Tábor;
39143;Běleč;Tábor;
39152;Smilovy Hory;Tábor;
39153;Vodice;Tábor;
39155;Dlouhá Lhota;Tábor;
39156;Sezimovo Ústí;Tábor;
39161;Opařany;Tábor;
39162;Stádlec;Tábor;
39165;Bechyně;Tábor;
39171;Březnice;Tábor;
39172;Sudoměřice u Bechyně;Tábor;
39173;Hlavatce;Tábor;
39174;Želeč;Tábor;
39175;Bečice;Tábor;
39176;Slapy;Tábor;
39181;Borkovice;Tábor;
39201;Budislav;Tábor;
39301;Bácovice;Pelhřimov;
39401;Rynárec;Pelhřimov;
39403;Horní Cerekev;Pelhřimov;
39404;Nový Rychnov;Pelhřimov;
39405;Vyskytná;Pelhřimov;
39409;Kojčice;Pelhřimov;
39411;Cetoraz;Pelhřimov;
39412;Obrataň;Pelhřimov;
39413;Kámen;Pelhřimov;
39414;Leskovice;Pelhřimov;
39415;Nová Cerekev;Pelhřimov;
39421;Hořepník;Pelhřimov;
39422;Košetice;Pelhřimov;
39424;Křešín;Pelhřimov;
39426;Lukavec;Pelhřimov;
39427;Vyklantice;Pelhřimov;
39428;Velká Chyška;Pelhřimov;
39443;Mladé Bříště;Pelhřimov;
39444;Želiv;Pelhřimov;
39445;Křelovice;Pelhřimov;
39446;Červená Řečice;Pelhřimov;
39451;Kaliště;Pelhřimov;
39452;Kejžlice;Pelhřimov;
39456;Senožaty;Pelhřimov;
39459;Koberovice;Pelhřimov;
39461;Božejov;Pelhřimov;
39462;Libkova Voda;Pelhřimov;
39463;Častrov;Pelhřimov;
39464;Počátky;Pelhřimov;
39468;Častrov;Pelhřimov;
39470;Bořetín;Pelhřimov;
39491;Bohdalín;Pelhřimov;
39492;Mnich;Pelhřimov;
39493;Mnich;Pelhřimov;
39494;Černovice;Pelhřimov;
39495;Křeč;Pelhřimov;
39496;Těmice;Pelhřimov;
39501;Arneštovice;Pelhřimov;
39601;Budíkov;Pelhřimov;
39701;Albrechtice nad Vltavou;Písek;
39801;Mirotice;Písek;
39804;Boudy;Písek;
39806;Horosedly;Písek;
39807;Orlík nad Vltavou;Písek;
39811;Albrechtice nad Vltavou;Písek;
39815;Tálín;Písek;
39816;Albrechtice nad Vltavou;Písek;
39817;Albrechtice nad Vltavou;Písek;
39818;Záhoří;Písek;
39819;Kluky;Písek;
39821;Kestřany;Písek;
39822;Ražice;Písek;
39831;Čížová;Písek;
39832;Vráž;Písek;
39833;Ostrovec;Písek;
39834;Kučeř;Písek;
39835;Oslov;Písek;
39842;Veselíčko;Písek;
39843;Bernartice;Písek;
39847;Slabčice;Písek;
39848;Jetětice;Písek;
39851;Božetice;Písek;
39852;Nadějkov;Tábor;
39853;Chyšky;Písek;
39855;Kovářov;Písek;
39858;Kostelec nad Vltavou;Písek;
39859;Hrejkovice;Písek;
39901;Božetice;Písek;
40001;Ústí nad Labem;Ústí nad Labem;
40002;Habrovany;Ústí nad Labem;
40003;Ústí nad Labem;Ústí nad Labem;
40004;Trmice;Ústí nad Labem;
40007;Ústí nad Labem;Ústí nad Labem;
40010;Chlumec;Ústí nad Labem;
40011;Ústí nad Labem;Ústí nad Labem;
40301;Dolní Zálezly;Ústí nad Labem;
40302;Ústí nad Labem;Ústí nad Labem;
40313;Řehlovice;Ústí nad Labem;
40317;Chabařovice;Ústí nad Labem;
40321;Ústí nad Labem;Ústí nad Labem;
40322;Ústí nad Labem;Ústí nad Labem;
40323;Velké Březno;Ústí nad Labem;
40327;Malečov;Ústí nad Labem;
40331;Ryjice;Ústí nad Labem;
40332;Povrly;Ústí nad Labem;
40334;Velké Chvojno;Ústí nad Labem;
40335;Libouchec;Ústí nad Labem;
40336;Tisá;Ústí nad Labem;
40337;Petrovice;Ústí nad Labem;
40338;Telnice;Ústí nad Labem;
40339;Chlumec;Ústí nad Labem;
40340;Ústí nad Labem;Ústí nad Labem;
40502;Benešov nad Ploučnicí;Děčín;
40505;Děčín;Děčín;
40701;Jílové;Děčín;
40702;Jílové;Děčín;
40703;Dobkovice;Děčín;
40711;Děčín;Děčín;
40713;Kámen;Děčín;
40714;Arnoltice;Děčín;
40715;Srbská Kamenice;Děčín;
40716;Jetřichovice;Děčín;
40717;Hřensko;Děčín;
40721;Česká Kamenice;Děčín;
40722;Benešov nad Ploučnicí;Děčín;
40723;Františkov nad Ploučnicí;Děčín;
40724;Valkeřice;Děčín;
40725;Verneřice;Děčín;
40729;Velká Bukovina;Děčín;
40741;Dobrná;Děčín;
40742;Markvartice;Děčín;
40744;Chřibská;Děčín;
40745;Kytlice;Děčín;
40746;Krásná Lípa;Děčín;
40747;Dolní Poustevna;Děčín;
40751;Rybniště;Děčín;
40752;Varnsdorf;Děčín;
40753;Jiříkov;Děčín;
40755;Dolní Podluží;Děčín;
40756;Jiřetín pod Jedlovou;Děčín;
40757;Horní Podluží;Děčín;
40760;Staré Křečany;Děčín;
40761;Staré Křečany;Děčín;
40777;Šluknov;Děčín;
40778;Velký Šenov;Děčín;
40779;Mikulášovice;Děčín;
40780;Vilémov;Děčín;
40781;Lipová;Děčín;
40782;Dolní Poustevna;Děčín;
40784;Lobendava;Děčín;
40801;Jiřetín pod Jedlovou;Děčín;
41002;Černiv;Litoměřice;
41101;Píšťany;Litoměřice;
41103;Libochovany;Litoměřice;
41108;Bechlín;Litoměřice;
41111;Sulejovice;Litoměřice;
41112;Čížkovice;Litoměřice;
41113;Třebenice;Litoměřice;
41114;Vlastislav;Litoměřice;
41115;Děčany;Litoměřice;
41116;Klapý;Litoměřice;
41117;Libochovice;Litoměřice;
41118;Budyně nad Ohří;Litoměřice;
41119;Martiněves;Litoměřice;
41120;Mšené-lázně;Litoměřice;
41121;Vrbičany;Litoměřice;
41131;Velemín;Litoměřice;
41132;Velemín;Litoměřice;
41133;Prackovice nad Labem;Litoměřice;
41141;Žitenice;Litoměřice;
41142;Ploskovice;Litoměřice;
41145;Drahobuz;Litoměřice;
41146;Liběšice;Litoměřice;
41147;Polepy;Litoměřice;
41148;Křešice;Litoměřice;
41155;Terezín;Litoměřice;
41156;Bohušovice nad Ohří;Litoměřice;
41162;Snědovice;Litoměřice;
41164;Vrbice;Litoměřice;
41171;Chodouny;Litoměřice;
41172;Hoštka;Litoměřice;
41173;Štětí;Litoměřice;
41174;Snědovice;Litoměřice;
41181;Brozany nad Ohří;Litoměřice;
41182;Doksany;Litoměřice;
41183;Hrobce;Litoměřice;
41184;Straškov-Vodochody;Litoměřice;
41185;Horní Beřkovice;Litoměřice;
41186;Bechlín;Litoměřice;
41187;Krabčice;Litoměřice;
41201;Bohušovice nad Ohří;Litoměřice;
41301;Brozany nad Ohří;Litoměřice;
41501;Bořislav;Teplice;
41503;Teplice;Teplice;
41510;Teplice;Teplice;
41701;Dubí;Teplice;
41702;Dubí;Teplice;
41703;Dubí;Teplice;
41704;Hrob;Teplice;
41705;Osek;Teplice;
41712;Proboštov;Teplice;
41713;Modlany;Teplice;
41722;Háj u Duchcova;Teplice;
41723;Košťany;Teplice;
41724;Jeníkov;Teplice;
41725;Lahošť;Teplice;
41731;Novosedlice;Teplice;
41741;Krupka;Teplice;
41742;Krupka;Teplice;
41752;Hostomice;Teplice;
41753;Světec;Teplice;
41754;Kostomlaty pod Milešovkou;Teplice;
41757;Hrobčice;Teplice;
41761;Bystřany;Teplice;
41762;Rtyně nad Bílinou;Teplice;
41763;Žalany;Teplice;
41765;Ohníč;Teplice;
41771;Zabrušany;Teplice;
41772;Ledvice;Teplice;
41781;Moldava;Teplice;
41801;Bílina;Teplice;
41804;Hrobčice;Teplice;
41901;Duchcov;Teplice;
43001;Bílence;Chomutov;
43003;Chomutov;Chomutov;
43004;Chomutov;Chomutov;
43101;Spořice;Chomutov;
43102;Málkov;Chomutov;
43111;Jirkov;Chomutov;
43114;Strupčice;Chomutov;
43115;Vrskmaň;Chomutov;
43121;Boleboř;Chomutov;
43132;Kalek;Chomutov;
43141;Údlice;Chomutov;
43143;Hrušovany;Chomutov;
43144;Droužkovice;Chomutov;
43145;Březno;Chomutov;
43151;Domašín;Chomutov;
43153;Pětipsy;Chomutov;
43154;Vilémov;Chomutov;
43155;Radonice;Chomutov;
43156;Mašťov;Chomutov;
43157;Chbany;Chomutov;
43158;Místo;Chomutov;
43159;Vysoká Pec;Chomutov;
43163;Perštejn;Chomutov;
43182;Hora Svatého Šebestiána;Chomutov;
43183;Výsluní;Chomutov;
43184;Měděnec;Chomutov;
43186;Kovářská;Chomutov;
43191;Kryštofovy Hamry;Chomutov;
43201;Domašín;Chomutov;
43401;Bečov;Most;
43501;Havraň;Most;
43502;Most;Most;
43511;Lom;Most;
43513;Meziboří;Most;
43521;Obrnice;Most;
43522;Braňany;Most;
43524;Lužice;Most;
43526;Bečov;Most;
43532;Mariánské Radčice;Most;
43533;Louka u Litvínova;Most;
43542;Litvínov;Most;
43543;Horní Jiřetín;Most;
43545;Nová Ves v Horách;Most;
43546;Hora Svaté Kateřiny;Most;
43547;Brandov;Most;
43601;Český Jiřetín;Most;
43603;Litvínov;Most;
43801;Bitozeves;Louny;
43901;Černčice;Louny;
43902;Cítoliby;Louny;
43903;Chlumčany;Louny;
43904;Hříškov;Louny;
43905;Panenský Týnec;Louny;
43906;Vrbno nad Lesy;Louny;
43907;Peruc;Louny;
43908;Peruc;Louny;
43909;Slavětín;Louny;
43914;Smolnice;Louny;
43915;Vinařice;Louny;
43921;Koštice;Louny;
43922;Chožov;Louny;
43923;Lenešice;Louny;
43924;Raná;Louny;
43926;Libčeves;Louny;
43931;Měcholupy;Louny;
43942;Postoloprty;Louny;
43949;Staňkovice;Louny;
43963;Liběšice;Louny;
43965;Hřivice;Louny;
43967;Ročov;Louny;
43968;Domoušice;Louny;
43969;Tuchořice;Louny;
43971;Nepomyšl;Louny;
43972;Krásný Dvůr;Louny;
43975;Libočany;Louny;
43981;Kryry;Louny;
43982;Vroutek;Louny;
43983;Lubenec;Louny;
43984;Blatno;Louny;
43985;Petrohrad;Louny;
43986;Kryry;Louny;
43987;Očihov;Louny;
43988;Blšany;Louny;
44001;Bitozeves;Louny;
44101;Blatno;Louny;
46001;Kryštofovo Údolí;Liberec;
46002;Liberec;Liberec;
46005;Liberec;Liberec;
46006;Liberec;Liberec;
46007;Liberec;Liberec;
46008;Liberec;Liberec;
46010;Liberec;Liberec;
46011;Liberec;Liberec;
46014;Liberec;Liberec;
46015;Liberec;Liberec;
46303;Stráž nad Nisou;Liberec;
46311;Liberec;Liberec;
46312;Dlouhý Most;Liberec;
46331;Bílý Kostel nad Nisou;Liberec;
46334;Hrádek nad Nisou;Liberec;
46342;Bílá;Liberec;
46343;Bílá;Liberec;
46344;Paceřice;Liberec;
46345;Čtveřín;Liberec;
46346;Příšovice;Liberec;
46348;Cetenov;Liberec;
46352;Cetenov;Liberec;
46353;Janovice v Podještědí;Liberec;
46362;Bílý Potok;Liberec;
46365;Jindřichovice pod Smrkem;Liberec;
46373;Černousy;Liberec;
46401;Bulovka;Liberec;
46601;Jablonec nad Nisou;Jablonec nad Nisou;
46602;Jablonec nad Nisou;Jablonec nad Nisou;
46604;Jablonec nad Nisou;Jablonec nad Nisou;
46605;Jablonec nad Nisou;Jablonec nad Nisou;
46606;Jablonec nad Nisou;Jablonec nad Nisou;
46801;Jablonec nad Nisou;Jablonec nad Nisou;
46802;Dalešice;Jablonec nad Nisou;
46803;Rádlo;Jablonec nad Nisou;
46804;Jablonec nad Nisou;Jablonec nad Nisou;
46811;Janov nad Nisou;Jablonec nad Nisou;
46812;Bedřichov;Jablonec nad Nisou;
46821;Maršovice;Jablonec nad Nisou;
46822;Frýdštejn;Jablonec nad Nisou;
46824;Držkov;Jablonec nad Nisou;
46825;Zásada;Jablonec nad Nisou;
46826;Pěnčín;Jablonec nad Nisou;
46827;Nová Ves nad Nisou;Jablonec nad Nisou;
46832;Frýdštejn;Jablonec nad Nisou;
46833;Jenišovice;Jablonec nad Nisou;
46841;Desná;Jablonec nad Nisou;
46843;Albrechtice v Jizerských horách;Jablonec nad Nisou;
46844;Josefův Důl;Jablonec nad Nisou;
46845;Velké Hamry;Jablonec nad Nisou;
46846;Plavy;Jablonec nad Nisou;
46847;Zlatá Olešnice;Jablonec nad Nisou;
46848;Kořenov;Jablonec nad Nisou;
46849;Kořenov;Jablonec nad Nisou;
46850;Kořenov;Jablonec nad Nisou;
46851;Smržovka;Jablonec nad Nisou;
46861;Desná;Jablonec nad Nisou;
46871;Lučany nad Nisou;Jablonec nad Nisou;
47001;Česká Lípa;Česká Lípa;
47002;Blíževedly;Česká Lípa;
47006;Česká Lípa;Česká Lípa;
47101;Zahrádky;Česká Lípa;
47102;Stvolínky;Česká Lípa;
47103;Kravaře;Česká Lípa;
47104;Blíževedly;Česká Lípa;
47105;Žandov;Česká Lípa;
47106;Horní Police;Česká Lípa;
47107;Žandov;Česká Lípa;
47108;Stružnice;Česká Lípa;
47111;Česká Lípa;Česká Lípa;
47112;Volfartice;Česká Lípa;
47113;Nový Oldřichov;Česká Lípa;
47114;Kamenický Šenov;Česká Lípa;
47115;Prysk;Česká Lípa;
47116;Polevsko;Česká Lípa;
47117;Skalice u České Lípy;Česká Lípa;
47118;Nový Bor;Česká Lípa;
47121;Česká Lípa;Česká Lípa;
47123;Zákupy;Česká Lípa;
47124;Mimoň;Česká Lípa;
47125;Jablonné v Podještědí;Liberec;
47126;Dubnice;Česká Lípa;
47127;Stráž pod Ralskem;Česká Lípa;
47128;Hamr na Jezeře;Česká Lípa;
47129;Brniště;Česká Lípa;
47141;Dubá;Česká Lípa;
47151;Svor;Česká Lípa;
47152;Sloup v Čechách;Česká Lípa;
47153;Svojkov;Česká Lípa;
47154;Cvikov;Česká Lípa;
47155;Kunratice u Cvikova;Česká Lípa;
47156;Cvikov;Česká Lípa;
47157;Krompach;Česká Lípa;
47158;Cvikov;Česká Lípa;
47161;Chlum;Česká Lípa;
47162;Okna;Česká Lípa;
47163;Doksy;Česká Lípa;
47167;Provodín;Česká Lípa;
47201;Bezděz;Česká Lípa;
47301;Cvikov;Česká Lípa;
50002;Hradec Králové;Hradec Králové;
50003;Černilov;Hradec Králové;
50004;Hradec Králové;Hradec Králové;
50006;Hradec Králové;Hradec Králové;
50008;Hradec Králové;Hradec Králové;
50009;Hradec Králové;Hradec Králové;
50011;Hradec Králové;Hradec Králové;
50012;Hradec Králové;Hradec Králové;
50301;Hradec Králové;Hradec Králové;
50302;Hradec Králové;Hradec Králové;
50303;Benátky;Hradec Králové;
50304;Černožice;Hradec Králové;
50306;Hořiněves;Hradec Králové;
50311;Hradec Králové;Hradec Králové;
50312;Neděliště;Hradec Králové;
50313;Dohalice;Hradec Králové;
50314;Stračov;Hradec Králové;
50315;Babice;Hradec Králové;
50316;Dolní Přím;Hradec Králové;
50321;Hradec Králové;Hradec Králové;
50322;Libčany;Hradec Králové;
50324;Kratonohy;Hradec Králové;
50325;Dobřenice;Hradec Králové;
50326;Osice;Hradec Králové;
50327;Hvozdnice;Hradec Králové;
50331;Vysoká nad Labem;Hradec Králové;
50332;Hradec Králové;Hradec Králové;
50333;Praskačka;Hradec Králové;
50341;Hradec Králové;Hradec Králové;
50343;Černilov;Hradec Králové;
50344;Libřice;Hradec Králové;
50346;Běleč nad Orlicí;Hradec Králové;
50351;Babice;Hradec Králové;
50352;Skřivany;Hradec Králové;
50353;Sloupno;Hradec Králové;
50354;Ohnišťany;Hradec Králové;
50355;Petrovice;Hradec Králové;
50356;Hlušice;Hradec Králové;
50357;Starý Bydžov;Hradec Králové;
50361;Lovčice;Hradec Králové;
50362;Lužec nad Cidlinou;Hradec Králové;
50363;Nepolisy;Hradec Králové;
50364;Měník;Hradec Králové;
50365;Kosičky;Hradec Králové;
50366;Káranice;Hradec Králové;
50401;Barchov;Hradec Králové;
50601;Brada-Rybníček;Jičín;
50702;Žeretice;Jičín;
50703;Kozojedy;Jičín;
50704;Třtěnice;Jičín;
50705;Konecchlumí;Jičín;
50706;Lužany;Jičín;
50707;Úlibice;Jičín;
50711;Valdice;Jičín;
50712;Radim;Jičín;
50713;Bradlecká Lhota;Semily;
50715;Libuň;Jičín;
50721;Veliš;Jičín;
50722;Střevač;Jičín;
50723;Bačalky;Jičín;
50724;Dětenice;Jičín;
50731;Jičíněves;Jičín;
50732;Běchary;Jičín;
50733;Jičíněves;Jičín;
50734;Žlunice;Jičín;
50742;Markvartice;Jičín;
50743;Libošovice;Jičín;
50744;Libošovice;Jičín;
50745;Mladějov;Jičín;
50752;Ostroměř;Jičín;
50753;Chomutice;Jičín;
50754;Podhorní Újezd a Vojice;Jičín;
50758;Mlázovice;Jičín;
50771;Boháňka;Jičín;
50773;Dobrá Voda u Hořic;Jičín;
50777;Cerekvice nad Bystřicí;Jičín;
50781;Choteč;Jičín;
50782;Pecka;Jičín;
50791;Levínská Olešnice;Semily;
50792;Úbislavice;Jičín;
50801;Bašnice;Jičín;
50901;Nová Paka;Jičín;
51101;Hrubá Skála;Semily;
51201;Slaná;Semily;
51202;Košťálov;Semily;
51203;Libštát;Semily;
51204;Mříčná;Semily;
51206;Benešov u Semil;Semily;
51211;Vysoké nad Jizerou;Semily;
51212;Jesenný;Semily;
51213;Bozkov;Semily;
51231;Roztoky u Jilemnice;Semily;
51232;Horní Branná;Semily;
51233;Studenec;Semily;
51234;Horka u Staré Paky;Semily;
51235;Čistá u Horek;Semily;
51236;Horní Branná;Semily;
51237;Benecko;Semily;
51238;Vítkovice;Semily;
51241;Peřimov;Semily;
51242;Poniklá;Semily;
51243;Jablonec nad Jizerou;Semily;
51244;Rokytnice nad Jizerou;Semily;
51245;Rokytnice nad Jizerou;Semily;
51246;Harrachov;Semily;
51247;Paseky nad Jizerou;Semily;
51251;Košťálov;Semily;
51252;Veselá;Semily;
51253;Tatobity;Semily;
51261;Přepeře;Semily;
51263;Hrubá Skála;Semily;
51264;Vyskeř;Semily;
51265;Všeň;Semily;
51271;Nová Ves nad Popelkou;Semily;
51301;Bozkov;Semily;
51401;Bělá;Semily;
51601;Černíkovice;Rychnov nad Kněžnou;
51603;Lukavice;Rychnov nad Kněžnou;
51701;Solnice;Rychnov nad Kněžnou;
51702;Kvasiny;Rychnov nad Kněžnou;
51703;Liberk;Rychnov nad Kněžnou;
51704;Černíkovice;Rychnov nad Kněžnou;
51711;Javornice;Rychnov nad Kněžnou;
51712;Liberk;Rychnov nad Kněžnou;
51721;Borohrádek;Rychnov nad Kněžnou;
51722;Albrechtice nad Orlicí;Rychnov nad Kněžnou;
51723;Žďár nad Orlicí;Rychnov nad Kněžnou;
51724;Borohrádek;Rychnov nad Kněžnou;
51725;Borohrádek;Rychnov nad Kněžnou;
51731;Bolehošť;Rychnov nad Kněžnou;
51732;Přepychy;Rychnov nad Kněžnou;
51733;Trnov;Rychnov nad Kněžnou;
51734;Voděrady;Rychnov nad Kněžnou;
51735;Lično;Rychnov nad Kněžnou;
51736;Olešnice;Rychnov nad Kněžnou;
51741;Borovnice;Rychnov nad Kněžnou;
51742;Doudleby nad Orlicí;Rychnov nad Kněžnou;
51743;Potštejn;Rychnov nad Kněžnou;
51745;Chleny;Rychnov nad Kněžnou;
51750;Častolovice;Rychnov nad Kněžnou;
51754;Vamberk;Rychnov nad Kněžnou;
51755;Rybná nad Zdobnicí;Rychnov nad Kněžnou;
51756;Slatina nad Zdobnicí;Rychnov nad Kněžnou;
51757;Pěčín;Rychnov nad Kněžnou;
51761;Bartošovice v Orlických horách;Rychnov nad Kněžnou;
51764;Bartošovice v Orlických horách;Rychnov nad Kněžnou;
51771;Bolehošť;Rychnov nad Kněžnou;
51772;Jílovice;Hradec Králové;
51773;Opočno;Rychnov nad Kněžnou;
51783;Olešnice v Orlických horách;Rychnov nad Kněžnou;
51784;Ohnišov;Rychnov nad Kněžnou;
51791;Deštné v Orlických horách;Rychnov nad Kněžnou;
51792;Kounov;Rychnov nad Kněžnou;
51793;Dobré;Rychnov nad Kněžnou;
51801;Bačetín;Rychnov nad Kněžnou;
51803;Podbřezí;Rychnov nad Kněžnou;
53002;Barchov;Pardubice;
53003;Pardubice;Pardubice;
53006;Pardubice;Pardubice;
53009;Pardubice;Pardubice;
53012;Pardubice;Pardubice;
53301;Pardubice;Pardubice;
53303;Dašice;Pardubice;
53304;Choteč;Pardubice;
53305;Dříteč;Pardubice;
53311;Zdechovice;Pardubice;
53312;Chvaletice;Pardubice;
53313;Řečany nad Labem;Pardubice;
53314;Kladruby nad Labem;Pardubice;
53315;Hlavečník;Pardubice;
53316;Hlavečník;Pardubice;
53321;Vysoké Chvojno;Pardubice;
53322;Býšť;Pardubice;
53332;Čepí;Pardubice;
53333;Pardubice;Pardubice;
53341;Bukovka;Pardubice;
53342;Neratov;Pardubice;
53343;Rohovládova Bělá;Pardubice;
53344;Staré Ždánice;Pardubice;
53345;Čeperka;Pardubice;
53351;Pardubice;Pardubice;
53352;Bukovina nad Labem;Pardubice;
53353;Pardubice;Pardubice;
53354;Rybitví;Pardubice;
53361;Choltice;Pardubice;
53362;Svojšice;Pardubice;
53363;Turkovice;Pardubice;
53364;Lipoltice;Pardubice;
53371;Dolní Roveň;Pardubice;
53372;Moravany;Pardubice;
53373;Uhersko;Pardubice;
53374;Horní Jelení;Pardubice;
53375;Dolní Ředice;Pardubice;
53401;Borek;Pardubice;
53501;Bezděkov;Pardubice;
53701;Dřenice;Chrudim;
53703;Chrudim;Chrudim;
53705;Chrudim;Chrudim;
53801;Bylany;Chrudim;
53802;Morašice;Chrudim;
53803;Heřmanův Městec;Chrudim;
53804;Prachovice;Chrudim;
53805;Seč;Chrudim;
53807;Bojanov;Chrudim;
53821;Chrudim;Chrudim;
53823;Licibořice;Chrudim;
53824;Svídnice;Chrudim;
53825;Ctětín;Chrudim;
53826;Bojanov;Chrudim;
53831;Chrudim;Chrudim;
53832;Úhřetice;Chrudim;
53833;Trojovice;Chrudim;
53834;Rosice;Chrudim;
53835;Zaječice;Chrudim;
53836;Žumberk;Chrudim;
53841;Podhořany u Ronova;Chrudim;
53842;Ronov nad Doubravou;Chrudim;
53843;Běstvina;Chrudim;
53845;Běstvina;Chrudim;
53851;Bítovany;Chrudim;
53854;Hroubovice;Chrudim;
53861;Kočí;Chrudim;
53862;Bořice;Chrudim;
53863;Chroustovice;Chrudim;
53864;Jenišovice;Chrudim;
53865;Řepníky;Ústí nad Orlicí;
53901;Dědová;Chrudim;
53941;Kameničky;Chrudim;
53942;Svratouch;Chrudim;
53943;Krouna;Chrudim;
53944;Bor u Skutče;Chrudim;
53945;Nové Hrady;Ústí nad Orlicí;
53952;Trhová Kamenice;Chrudim;
53953;Horní Bradlo;Chrudim;
53955;Miřetice;Chrudim;
53956;Vrbatův Kostelec;Chrudim;
53957;Včelákov;Chrudim;
53961;Vortová;Chrudim;
53962;Hlinsko;Chrudim;
53971;Holetín;Chrudim;
53972;Raná;Chrudim;
53973;Hluboká;Chrudim;
53974;Předhradí;Chrudim;
53976;Prosetín;Chrudim;
54101;Bernartice;Trutnov;
54102;Trutnov;Trutnov;
54103;Trutnov;Trutnov;
54201;Lampertice;Trutnov;
54203;Královec;Trutnov;
54204;Bernartice;Trutnov;
54211;Chvaleč;Trutnov;
54212;Radvanice;Trutnov;
54213;Jívka;Trutnov;
54221;Malá Úpa;Trutnov;
54223;Mladé Buky;Trutnov;
54224;Mladé Buky;Trutnov;
54225;Janské Lázně;Trutnov;
54226;Horní Maršov;Trutnov;
54227;Malá Úpa;Trutnov;
54232;Batňovice;Trutnov;
54233;Havlovice;Trutnov;
54234;Batňovice;Trutnov;
54235;Velké Svatoňovice;Trutnov;
54236;Libňatov;Trutnov;
54237;Batňovice;Trutnov;
54241;Vlčice;Trutnov;
54242;Pilníkov;Trutnov;
54243;Staré Buky;Trutnov;
54301;Vrchlabí;Trutnov;
54302;Vrchlabí;Trutnov;
54303;Vrchlabí;Trutnov;
54341;Dolní Lánov;Trutnov;
54342;Dolní Dvůr;Trutnov;
54344;Černý Důl;Trutnov;
54351;Špindlerův Mlýn;Trutnov;
54352;Lánov;Trutnov;
54361;Kunčice nad Labem;Trutnov;
54362;Dolní Branná;Trutnov;
54371;Čermná;Trutnov;
54372;Černý Důl;Trutnov;
54373;Prosečné;Trutnov;
54374;Dolní Kalná;Trutnov;
54375;Dolní Olešnice;Trutnov;
54376;Chotěvice;Trutnov;
54377;Čermná;Trutnov;
54401;Bílá Třemešná;Trutnov;
54404;Dvůr Králové nad Labem;Trutnov;
54442;Choustníkovo Hradiště;Trutnov;
54443;Heřmanice;Náchod;
54451;Doubravice;Trutnov;
54452;Bílé Poličany;Trutnov;
54454;Velký Vřešťov;Trutnov;
54455;Dubenec;Trutnov;
54456;Hřibojedy;Trutnov;
54461;Nemojov;Trutnov;
54462;Vítězná;Trutnov;
54464;Kocbeře;Trutnov;
54466;Hajnice;Trutnov;
54472;Bílá Třemešná;Trutnov;
54474;Horní Brusnice;Trutnov;
54475;Borovnice;Trutnov;
54477;Borovnice;Trutnov;
54701;Borová;Náchod;
54901;Bohdašín;Rychnov nad Kněžnou;
54906;Bohuslavice;Náchod;
54907;Nahořany;Náchod;
54908;Provodov-Šonov;Náchod;
54911;Dolní Radechová;Náchod;
54921;Česká Čermná;Náchod;
54922;Nový Hrádek;Náchod;
54923;Mezilesí;Náchod;
54931;Bezděkov nad Metují;Náchod;
54932;Velké Poříčí;Náchod;
54934;Hronov;Náchod;
54936;Stárkov;Náchod;
54937;Vysoká Srbská;Náchod;
54941;Červená Hora;Náchod;
54946;Horní Radechová;Náchod;
54947;Slatina nad Úpou;Náchod;
54948;Studnice;Náchod;
54952;Adršpach;Náchod;
54954;Bezděkov nad Metují;Náchod;
54955;Žďár nad Metují;Náchod;
54956;Česká Metuje;Náchod;
54957;Adršpach;Náchod;
54962;Suchý Důl;Náchod;
54963;Machov;Náchod;
54964;Bezděkov nad Metují;Náchod;
54971;Šonov;Náchod;
54972;Otovice;Náchod;
54973;Martínkovice;Náchod;
54974;Božanov;Náchod;
54981;Meziměstí;Náchod;
54982;Vernéřovice;Náchod;
54983;Hynčice;Náchod;
54984;Heřmánkovice;Náchod;
55001;Broumov;Náchod;
55101;Hořenice;Náchod;
55102;Jaroměř;Náchod;
55201;Dolany;Náchod;
55203;Česká Skalice;Náchod;
55204;Brzice;Náchod;
55205;Brzice;Náchod;
55211;Velichovky;Náchod;
55212;Heřmanice;Náchod;
55221;Rasošky;Náchod;
55222;Jasenná;Náchod;
55224;Velká Jesenice;Náchod;
55225;Rychnovek;Náchod;
56002;Česká Třebová;Ústí nad Orlicí;
56101;Dolní Dobrouč;Ústí nad Orlicí;
56102;Dolní Dobrouč;Ústí nad Orlicí;
56112;Brandýs nad Orlicí;Ústí nad Orlicí;
56113;Sudslava;Ústí nad Orlicí;
56114;České Libchavy;Ústí nad Orlicí;
56115;Sopotnice;Ústí nad Orlicí;
56116;Libchavy;Ústí nad Orlicí;
56117;Dlouhá Třebová;Ústí nad Orlicí;
56118;Němčice;Svitavy;
56122;Ostrov;Ústí nad Orlicí;
56123;Damníkov;Ústí nad Orlicí;
56124;Třebovice;Ústí nad Orlicí;
56125;Rudoltice;Ústí nad Orlicí;
56131;Tatenice;Ústí nad Orlicí;
56132;Cotkytle;Ústí nad Orlicí;
56133;Horní Heřmanice;Ústí nad Orlicí;
56134;Výprachtice;Ústí nad Orlicí;
56141;Řetová;Ústí nad Orlicí;
56151;Letohrad;Ústí nad Orlicí;
56152;Verměřovice;Ústí nad Orlicí;
56153;Dolní Čermná;Ústí nad Orlicí;
56154;Bystřec;Ústí nad Orlicí;
56155;Orličky;Ústí nad Orlicí;
56156;Horní Čermná;Ústí nad Orlicí;
56161;Červená Voda;Ústí nad Orlicí;
56162;Červená Voda;Ústí nad Orlicí;
56163;Nekoř;Ústí nad Orlicí;
56164;Bystřec;Ústí nad Orlicí;
56165;Jamné nad Orlicí;Ústí nad Orlicí;
56166;Těchonín;Ústí nad Orlicí;
56167;Mladkov;Ústí nad Orlicí;
56168;Lichkov;Ústí nad Orlicí;
56169;Červená Voda;Ústí nad Orlicí;
56170;Písečná;Ústí nad Orlicí;
56181;Kunvald;Ústí nad Orlicí;
56182;Klášterec nad Orlicí;Ústí nad Orlicí;
56184;Líšnice;Ústí nad Orlicí;
56185;Česká Rybná;Ústí nad Orlicí;
56186;Záchlumí;Ústí nad Orlicí;
56201;Dolní Dobrouč;Ústí nad Orlicí;
56203;Ústí nad Orlicí;Ústí nad Orlicí;
56204;Ústí nad Orlicí;Ústí nad Orlicí;
56206;Ústí nad Orlicí;Ústí nad Orlicí;
56301;Albrechtice;Ústí nad Orlicí;
56401;České Petrovice;Ústí nad Orlicí;
56501;Běstovice;Ústí nad Orlicí;
56542;Vraclav;Ústí nad Orlicí;
56543;Zámrsk;Ústí nad Orlicí;
56544;Sruby;Ústí nad Orlicí;
56552;České Heřmanice;Ústí nad Orlicí;
56553;Sloupnice;Svitavy;
56555;Hrušová;Ústí nad Orlicí;
56601;Bučina;Ústí nad Orlicí;
56802;Banín;Svitavy;
56901;Hradec nad Svitavou;Svitavy;
56902;Brněnec;Svitavy;
56903;Rozhraní;Svitavy;
56904;Bohuňov;Svitavy;
56905;Bělá nad Svitavou;Svitavy;
56906;Vítějeves;Svitavy;
56907;Radiměř;Svitavy;
56911;Koclířov;Svitavy;
56912;Opatov;Svitavy;
56914;Vendolí;Svitavy;
56921;Moravská Třebová;Svitavy;
56922;Křenov;Svitavy;
56923;Březina;Svitavy;
56924;Kunčina;Svitavy;
56932;Staré Město;Svitavy;
56933;Třebařov;Svitavy;
56934;Rychnov na Moravě;Svitavy;
56935;Mladějov na Moravě;Svitavy;
56941;Městečko Trnávka;Svitavy;
56942;Chornice;Svitavy;
56943;Bělá u Jevíčka;Svitavy;
56944;Jaroměřice;Svitavy;
56946;Vranová Lhota;Svitavy;
56951;Morašice;Svitavy;
56953;Cerekvice nad Loučnou;Svitavy;
56955;Janov;Svitavy;
56956;Čistá;Svitavy;
56957;Čistá;Svitavy;
56961;Dolní Újezd;Svitavy;
56962;Sebranice;Svitavy;
56963;Lubná;Svitavy;
56965;Budislav;Svitavy;
56966;Jarošov;Svitavy;
56967;Litomyšl;Svitavy;
56971;Pomezí;Svitavy;
56972;Rohozná;Svitavy;
56973;Svojanov;Svitavy;
56974;Trpín;Svitavy;
56982;Borová;Svitavy;
56991;Jedlová;Svitavy;
56992;Bystré;Svitavy;
56993;Korouhev;Svitavy;
56994;Telecí;Svitavy;
57001;Benátky;Svitavy;
57101;Bezděčí u Trnávky;Svitavy;
57201;Březiny;Svitavy;
58001;Bartoušov;Havlíčkův Brod;
58221;Pohled;Havlíčkův Brod;
58222;Dlouhá Ves;Havlíčkův Brod;
58223;Havlíčkova Borová;Havlíčkův Brod;
58224;Oudoleň;Havlíčkův Brod;
58231;Okrouhlice;Havlíčkův Brod;
58232;Lipnice nad Sázavou;Havlíčkův Brod;
58233;Dolní Město;Havlíčkův Brod;
58234;Krásná Hora;Havlíčkův Brod;
58235;Lučice;Havlíčkův Brod;
58241;Olešná;Havlíčkův Brod;
58242;Kámen;Havlíčkův Brod;
58243;Tis;Havlíčkův Brod;
58244;Sázavka;Havlíčkův Brod;
58245;Uhelná Příbram;Havlíčkův Brod;
58251;Šlapanov;Havlíčkův Brod;
58252;Polná;Jihlava;
58253;Kochánov;Havlíčkův Brod;
58254;Úsobí;Havlíčkův Brod;
58255;Boňkov;Havlíčkův Brod;
58256;Herálec;Havlíčkův Brod;
58257;Lípa;Havlíčkův Brod;
58261;Česká Bělá;Havlíčkův Brod;
58262;Sobíňov;Havlíčkův Brod;
58263;Havlíčkova Borová;Havlíčkův Brod;
58264;Podmoklany;Havlíčkův Brod;
58265;Slavíkov;Havlíčkův Brod;
58266;Krucemburk;Havlíčkův Brod;
58271;Dolní Krupá;Havlíčkův Brod;
58272;Rozsochatec;Havlíčkův Brod;
58273;Nová Ves u Chotěboře;Havlíčkův Brod;
58274;Jeřišno;Havlíčkův Brod;
58276;Maleč;Havlíčkův Brod;
58277;Libice nad Doubravou;Havlíčkův Brod;
58281;Habry;Havlíčkův Brod;
58282;Borek;Havlíčkův Brod;
58283;Vilémov;Havlíčkův Brod;
58286;Leština u Světlé;Havlíčkův Brod;
58287;Číhošť;Havlíčkův Brod;
58291;Bačkov;Havlíčkův Brod;
58292;Kamenná Lhota;Havlíčkův Brod;
58293;Kožlí;Havlíčkův Brod;
58294;Hněvkovice;Havlíčkův Brod;
58301;Bezděkov;Havlíčkův Brod;
58401;Bělá;Havlíčkův Brod;
58601;Čížov;Jihlava;
58602;Ježená;Jihlava;
58603;Jihlava;Jihlava;
58617;Jihlava;Jihlava;
58801;Smrčná;Jihlava;
58805;Boršov;Jihlava;
58811;Střítež;Jihlava;
58812;Dobronín;Jihlava;
58813;Brzkov;Jihlava;
58821;Jamné;Jihlava;
58822;Bítovčice;Jihlava;
58823;Kamenice;Jihlava;
58824;Kamenice;Jihlava;
58825;Jersín;Jihlava;
58826;Zhoř;Jihlava;
58827;Arnolec;Jihlava;
58831;Puklice;Jihlava;
58832;Brtnice;Jihlava;
58833;Cerekvička-Rosice;Jihlava;
58834;Dlouhá Brtnice;Jihlava;
58835;Cerekvička-Rosice;Jihlava;
58841;Bílý Kámen;Jihlava;
58842;Kalhov;Jihlava;
58844;Rohozná;Jihlava;
58845;Dolní Cerekev;Jihlava;
58851;Batelov;Jihlava;
58852;Horní Dubenky;Jihlava;
58854;Mrákotín;Jihlava;
58856;Bohuslavice;Jihlava;
58861;Cejle;Jihlava;
58862;Dyjice;Jihlava;
58864;Krasonice;Jihlava;
58865;Nová Říše;Jihlava;
58866;Rozseč;Jihlava;
58867;Stará Říše;Jihlava;
58901;Hodice;Jihlava;
59101;Hamry nad Sázavou;Žďár nad Sázavou;
59102;Cikháj;Žďár nad Sázavou;
59201;Herálec;Žďár nad Sázavou;
59202;Chlumětín;Žďár nad Sázavou;
59203;Daňkovice;Žďár nad Sázavou;
59204;Fryšava pod Žákovou horou;Žďár nad Sázavou;
59211;Malá Losenice;Žďár nad Sázavou;
59212;Matějov;Žďár nad Sázavou;
59213;Bohdalov;Žďár nad Sázavou;
59214;Bohdalov;Žďár nad Sázavou;
59221;Karlov;Žďár nad Sázavou;
59222;Vojnův Městec;Žďár nad Sázavou;
59231;Jámy;Žďár nad Sázavou;
59232;Jámy;Žďár nad Sázavou;
59233;Radešínská Svratka;Žďár nad Sázavou;
59241;Dalečín;Žďár nad Sázavou;
59242;Borovnice;Žďár nad Sázavou;
59244;Věcov;Žďár nad Sázavou;
59245;Lísek;Žďár nad Sázavou;
59251;Blažkov;Žďár nad Sázavou;
59252;Rožná;Žďár nad Sázavou;
59253;Dolní Libochová;Žďár nad Sázavou;
59254;Moravec;Žďár nad Sázavou;
59255;Bobrová;Žďár nad Sázavou;
59256;Zvole;Žďár nad Sázavou;
59257;Rozsochy;Žďár nad Sázavou;
59261;Borač;Brno-venkov;
59262;Býšovec;Žďár nad Sázavou;
59263;Štěpánov nad Svratkou;Žďár nad Sázavou;
59264;Prosetín;Žďár nad Sázavou;
59265;Dalečín;Žďár nad Sázavou;
59266;Vír;Žďár nad Sázavou;
59301;Bohuňov;Žďár nad Sázavou;
59401;Baliny;Žďár nad Sázavou;
59441;Uhřínov;Žďár nad Sázavou;
59442;Blízkov;Žďár nad Sázavou;
59444;Bory;Žďár nad Sázavou;
59445;Ostrov nad Oslavou;Žďár nad Sázavou;
59451;Borovník;Brno-venkov;
59452;Ořechov;Žďár nad Sázavou;
59453;Březí;Žďár nad Sázavou;
59454;Křoví;Žďár nad Sázavou;
59455;Dolní Loučky;Brno-venkov;
59456;Drahonín;Brno-venkov;
59457;Vidonín;Žďár nad Sázavou;
59461;Bory;Žďár nad Sázavou;
59501;Březské;Žďár nad Sázavou;
60200;Brno;Brno-město;
60300;Brno;Brno-město;
61200;Brno;Brno-město;
61300;Brno;Brno-město;
61400;Brno;Brno-město;
61500;Brno;Brno-město;
61600;Brno;Brno-město;
61700;Brno;Brno-město;
61800;Brno;Brno-město;
61900;Brno;Brno-město;
62000;Brno;Brno-město;
62100;Brno;Brno-město;
62300;Brno;Brno-město;
62400;Brno;Brno-město;
62500;Brno;Brno-město;
62700;Brno;Brno-město;
62800;Brno;Brno-město;
63400;Brno;Brno-město;
63500;Brno;Brno-město;
63600;Brno;Brno-město;
63700;Brno;Brno-město;
63800;Brno;Brno-město;
63900;Brno;Brno-město;
64100;Brno;Brno-město;
64200;Brno;Brno-město;
64300;Brno;Brno-město;
64400;Brno;Brno-město;
64700;Brno;Brno-město;
66401;Babice nad Svitavou;Brno-venkov;
66402;Ochoz u Brna;Brno-venkov;
66403;Podolí;Brno-venkov;
66404;Hostěnice;Brno-venkov;
66405;Jiříkovice;Brno-venkov;
66406;Kovalovice;Brno-venkov;
66407;Pozořice;Brno-venkov;
66408;Blažovice;Brno-venkov;
66411;Zbýšov;Brno-venkov;
66412;Oslavany;Brno-venkov;
66417;Omice;Brno-venkov;
66423;Čebín;Brno-venkov;
66424;Drásov;Brno-venkov;
66431;Česká;Brno-venkov;
66432;Vranov;Brno-venkov;
66434;Brno;Brno-město;
66441;Omice;Brno-venkov;
66442;Brno;Brno-město;
66443;Hajany;Brno-venkov;
66444;Ořechov;Brno-venkov;
66446;Prštice;Brno-venkov;
66447;Radostice;Brno-venkov;
66448;Moravany;Brno-venkov;
66449;Ostopovice;Brno-venkov;
66451;Jiříkovice;Brno-venkov;
66452;Sokolnice;Brno-venkov;
66453;Újezd u Brna;Brno-venkov;
66454;Nesvačilka;Brno-venkov;
66455;Měnín;Brno-venkov;
66456;Blučina;Brno-venkov;
66457;Měnín;Brno-venkov;
66458;Prace;Brno-venkov;
66459;Telnice;Brno-venkov;
66461;Holasice;Brno-venkov;
66462;Hrušovany u Brna;Brno-venkov;
66463;Přísnotice;Brno-venkov;
66464;Dolní Kounice;Brno-venkov;
66465;Malešovice;Brno-venkov;
66466;Medlov;Brno-venkov;
66467;Bratčice;Brno-venkov;
66471;Braníškov;Brno-venkov;
66475;Deblín;Brno-venkov;
66481;Ostrovačice;Brno-venkov;
66482;Říčany;Brno-venkov;
66483;Domašov;Brno-venkov;
66484;Babice u Rosic;Brno-venkov;
66491;Biskoupky;Brno-venkov;
66501;Omice;Brno-venkov;
66601;Březina (dříve okres Tišnov);Brno-venkov;
66602;Předklášteří;Brno-venkov;
66603;Hradčany;Brno-venkov;
66701;Vojkovice;Brno-venkov;
66902;Bezkov;Znojmo;
66904;Znojmo;Znojmo;
67101;Citonice;Znojmo;
67102;Horní Břečkov;Znojmo;
67103;Vranov nad Dyjí;Znojmo;
67106;Lančov;Znojmo;
67107;Bítov;Znojmo;
67110;Bítov;Znojmo;
67122;Šatov;Znojmo;
67124;Vrbovec;Znojmo;
67125;Hodonice;Znojmo;
67126;Dyjákovice;Znojmo;
67127;Hrádek;Znojmo;
67128;Hrádek;Znojmo;
67129;Strachotice;Znojmo;
67131;Únanov;Znojmo;
67132;Plaveč;Znojmo;
67133;Mikulovice;Znojmo;
67134;Horní Dunajovice;Znojmo;
67138;Višňové;Znojmo;
67139;Běhařovice;Znojmo;
67140;Běhařovice;Znojmo;
67142;Vémyslice;Znojmo;
67151;Kravsko;Znojmo;
67152;Hluboké Mašůvky;Znojmo;
67153;Bojanovice;Znojmo;
67154;Blanné;Znojmo;
67155;Blížkovice;Znojmo;
67156;Blížkovice;Znojmo;
67161;Bantice;Znojmo;
67162;Oleksovice;Znojmo;
67163;Lechovice;Znojmo;
67164;Božice;Znojmo;
67165;Břežany;Znojmo;
67167;Hrušovany nad Jevišovkou;Znojmo;
67168;Hevlín;Znojmo;
67169;Hevlín;Znojmo;
67171;Džbánice;Znojmo;
67172;Miroslav;Znojmo;
67173;Čermákovice;Znojmo;
67175;Jezeřany-Maršovice;Znojmo;
67176;Bohutice;Znojmo;
67177;Branišovice;Brno-venkov;
67178;Borotice;Znojmo;
67181;Nový Šaldorf-Sedlešovice;Znojmo;
67182;Dobšice;Znojmo;
67201;Dobelice;Znojmo;
67401;Kožichovice;Třebíč;
67501;Číměř;Třebíč;
67502;Koněšín;Třebíč;
67503;Budišov;Třebíč;
67504;Hodov;Třebíč;
67505;Bochovice;Třebíč;
67506;Benetice;Třebíč;
67507;Benetice;Třebíč;
67508;Kouty;Třebíč;
67521;Bransouze;Třebíč;
67522;Čechočovice;Třebíč;
67523;Kojetice;Třebíč;
67524;Čáslavice;Třebíč;
67525;Rokytnice nad Rokytnou;Třebíč;
67526;Cidlina;Třebíč;
67527;Brtnička;Jihlava;
67528;Opatov;Třebíč;
67529;Kněžice;Jihlava;
67531;Chotěbudice;Třebíč;
67532;Bačkovice;Třebíč;
67533;Dešov;Třebíč;
67534;Kostníky;Třebíč;
67541;Dědice;Třebíč;
67542;Budkov;Třebíč;
67543;Domamil;Třebíč;
67544;Babice;Třebíč;
67545;Šebkovice;Třebíč;
67550;Dukovany;Třebíč;
67551;Blatnice;Třebíč;
67552;Dolní Vilémovice;Třebíč;
67553;Valeč;Třebíč;
67554;Dalešice;Třebíč;
67555;Bačice;Třebíč;
67556;Dukovany;Třebíč;
67557;Biskupice-Pulkov;Třebíč;
67559;Radkovice u Hrotovic;Třebíč;
67560;Myslibořice;Třebíč;
67571;Hluboké;Třebíč;
67573;Kralice nad Oslavou;Třebíč;
67574;Březník;Třebíč;
67575;Kladeruby nad Oslavou;Třebíč;
67576;Hartvíkovice;Třebíč;
67577;Kramolín;Třebíč;
67578;Čikov;Třebíč;
67579;Tasov;Žďár nad Sázavou;
67602;Častohostice;Třebíč;
67801;Blansko;Blansko;
67901;Boskovice;Blansko;
67902;Blansko;Blansko;
67903;Blansko;Blansko;
67904;Adamov;Blansko;
67905;Březina (dříve okres Blansko);Brno-venkov;
67906;Jedovnice;Blansko;
67907;Kotvrdovice;Blansko;
67911;Doubravice nad Svitavou;Blansko;
67913;Holštejn;Blansko;
67914;Ostrov u Macochy;Blansko;
67915;Lipovec;Blansko;
67921;Bořitov;Blansko;
67922;Černá Hora;Blansko;
67923;Běleč;Brno-venkov;
67924;Unín;Brno-venkov;
67931;Sebranice;Blansko;
67932;Svitávka;Blansko;
67933;Vísky;Blansko;
67934;Knínice u Boskovic;Blansko;
67935;Světlá;Blansko;
67936;Vanovice;Blansko;
67937;Borotín;Blansko;
67938;Cetkovice;Blansko;
67939;Úsobrno;Blansko;
67951;Němčice;Blansko;
67952;Žďárná;Blansko;
67953;Benešov;Blansko;
67961;Deštná;Blansko;
67962;Horní Poříčí;Blansko;
67963;Malá Roudka;Blansko;
67971;Bedřichov;Blansko;
67972;Kunštát;Blansko;
67973;Rozseč nad Kunštátem;Blansko;
67974;Crhov;Blansko;
67975;Černovice;Blansko;
67976;Drnovice;Blansko;
68001;Boskovice;Blansko;
68201;Hlubočany;Vyškov;
68301;Dražovice;Vyškov;
68303;Luleč;Vyškov;
68304;Drnovice;Vyškov;
68305;Račice-Pístovice;Vyškov;
68308;Nové Sady;Vyškov;
68321;Drysice;Vyškov;
68323;Dětkovice;Vyškov;
68333;Brankovice;Vyškov;
68334;Snovídky;Vyškov;
68335;Letonice;Vyškov;
68341;Bohdalice-Pavlovice;Vyškov;
68351;Holubice;Vyškov;
68352;Hostěrádky-Rešov;Vyškov;
68354;Bošovice;Vyškov;
68401;Heršpice;Vyškov;
68501;Bohaté Málkovice;Vyškov;
68601;Kostelany nad Moravou;Uherské Hradiště;
68603;Staré Město;Uherské Hradiště;
68604;Kunovice;Uherské Hradiště;
68605;Uherské Hradiště;Uherské Hradiště;
68606;Uherské Hradiště;Uherské Hradiště;
68703;Babice;Uherské Hradiště;
68704;Jankovice;Uherské Hradiště;
68705;Jalubí;Uherské Hradiště;
68706;Modrá;Uherské Hradiště;
68707;Tupesy;Uherské Hradiště;
68708;Břestek;Uherské Hradiště;
68709;Boršice;Uherské Hradiště;
68710;Zlechov;Uherské Hradiště;
68711;Topolná;Uherské Hradiště;
68712;Bílovice;Uherské Hradiště;
68713;Březolupy;Uherské Hradiště;
68722;Ostrožská Nová Ves;Uherské Hradiště;
68723;Ostrožská Lhota;Uherské Hradiště;
68724;Uherský Ostroh;Uherské Hradiště;
68725;Hluk;Uherské Hradiště;
68731;Šumice;Uherské Hradiště;
68732;Nezdenice;Uherské Hradiště;
68733;Drslavice;Uherské Hradiště;
68734;Uherský Brod;Uherské Hradiště;
68737;Ořechov;Uherské Hradiště;
68738;Nedakonice;Uherské Hradiště;
68741;Hostějov;Uherské Hradiště;
68742;Osvětimany;Uherské Hradiště;
68751;Nivnice;Uherské Hradiště;
68752;Korytná;Uherské Hradiště;
68753;Suchá Loz;Uherské Hradiště;
68754;Bánov;Uherské Hradiště;
68755;Bystřice pod Lopeníkem;Uherské Hradiště;
68756;Pašovice;Uherské Hradiště;
68761;Vlčnov;Uherské Hradiště;
68762;Dolní Němčí;Uherské Hradiště;
68763;Boršice u Blatnice;Uherské Hradiště;
68764;Horní Němčí;Uherské Hradiště;
68765;Strání;Uherské Hradiště;
68766;Strání;Uherské Hradiště;
68767;Březová;Uherské Hradiště;
68771;Bojkovice;Uherské Hradiště;
68774;Lopeník;Uherské Hradiště;
68801;Uherský Brod;Uherské Hradiště;
69002;Břeclav;Břeclav;
69003;Břeclav;Břeclav;
69006;Břeclav;Břeclav;
69007;Tvrdonice;Břeclav;
69101;Moravský Žižkov;Břeclav;
69102;Velké Bílovice;Břeclav;
69103;Rakvice;Břeclav;
69104;Přítluky;Břeclav;
69105;Zaječí;Břeclav;
69106;Velké Pavlovice;Břeclav;
69107;Němčičky;Břeclav;
69108;Bořetice;Břeclav;
69109;Vrbice;Břeclav;
69110;Kobylí;Břeclav;
69111;Brumovice;Břeclav;
69112;Boleradice;Břeclav;
69121;Sedlec;Břeclav;
69122;Pasohlávky;Brno-venkov;
69123;Cvrčovice;Brno-venkov;
69124;Přibice;Brno-venkov;
69125;Vranovice;Brno-venkov;
69126;Pouzdřany;Břeclav;
69127;Popice;Břeclav;
69129;Dolní Věstonice;Břeclav;
69130;Vlasatice;Brno-venkov;
69141;Břeclav;Břeclav;
69142;Valtice;Břeclav;
69143;Břeclav;Břeclav;
69144;Břeclav;Břeclav;
69145;Podivín;Břeclav;
69146;Břeclav;Břeclav;
69151;Lanžhot;Břeclav;
69152;Kostice;Břeclav;
69153;Tvrdonice;Břeclav;
69154;Týnec;Břeclav;
69155;Moravská Nová Ves;Břeclav;
69156;Hrušky;Břeclav;
69162;Uherčice;Břeclav;
69163;Velké Němčice;Břeclav;
69164;Nosislav;Brno-venkov;
69165;Křepice;Břeclav;
69167;Šakvice;Břeclav;
69171;Diváky;Břeclav;
69172;Kašnice;Břeclav;
69173;Dambořice;Hodonín;
69174;Velké Hostěrádky;Břeclav;
69175;Borkovany;Břeclav;
69176;Šitbořice;Břeclav;
69181;Brod nad Dyjí;Břeclav;
69182;Novosedly;Břeclav;
69183;Drnholec;Břeclav;
69185;Dolní Dunajovice;Břeclav;
69186;Perná;Břeclav;
69188;Milovice;Břeclav;
69189;Bulhary;Břeclav;
69201;Bavory;Břeclav;
69301;Horní Bojanovice;Břeclav;
69501;Hodonín;Hodonín;
69601;Rohatec;Hodonín;
69602;Ratíškovice;Hodonín;
69603;Dubňany;Hodonín;
69604;Svatobořice-Mistřín;Hodonín;
69605;Milotice;Hodonín;
69606;Vacenovice;Hodonín;
69611;Mutěnice;Hodonín;
69612;Hovorany;Hodonín;
69613;Šardice;Hodonín;
69614;Čejč;Hodonín;
69615;Čejkovice;Hodonín;
69616;Dolní Bojanovice;Hodonín;
69617;Dolní Bojanovice;Hodonín;
69618;Lužice;Hodonín;
69619;Mikulčice;Hodonín;
69621;Josefov;Hodonín;
69631;Bukovany;Hodonín;
69632;Ždánice;Hodonín;
69633;Archlebov;Hodonín;
69634;Uhřice;Hodonín;
69635;Dambořice;Hodonín;
69636;Násedlovice;Hodonín;
69637;Nenkovice;Hodonín;
69638;Stavěšice;Hodonín;
69639;Lovčice;Hodonín;
69641;Skoronice;Hodonín;
69642;Vracov;Hodonín;
69647;Žeravice;Hodonín;
69648;Ježov;Hodonín;
69649;Kelčany;Hodonín;
69650;Hýsly;Hodonín;
69651;Čeložnice;Hodonín;
69655;Kyjov;Hodonín;
69661;Vnorovy;Hodonín;
69662;Strážnice;Hodonín;
69663;Hroznová Lhota;Hodonín;
69664;Kněždub;Hodonín;
69665;Petrov;Hodonín;
69666;Sudoměřice;Hodonín;
69667;Radějov;Hodonín;
69671;Blatnice pod Svatým Antonínkem;Hodonín;
69672;Lipov;Hodonín;
69673;Hrubá Vrbka;Hodonín;
69674;Javorník;Hodonín;
69676;Louka;Hodonín;
69681;Bzenec;Hodonín;
69683;Domanín;Hodonín;
69684;Domanín;Hodonín;
69685;Bzenec;Hodonín;
69701;Kyjov;Hodonín;
69801;Veselí nad Moravou;Hodonín;
70030;Ostrava;Ostrava-město;
70200;Ostrava;Ostrava-město;
70300;Ostrava;Ostrava-město;
70800;Ostrava;Ostrava-město;
70900;Ostrava;Ostrava-město;
71000;Ostrava;Ostrava-město;
71100;Ostrava;Ostrava-město;
71200;Ostrava;Ostrava-město;
71300;Ostrava;Ostrava-město;
71500;Ostrava;Ostrava-město;
71600;Ostrava;Ostrava-město;
71700;Ostrava;Ostrava-město;
71800;Ostrava;Ostrava-město;
71900;Ostrava;Ostrava-město;
72000;Ostrava;Ostrava-město;
72100;Ostrava;Ostrava-město;
72200;Ostrava;Ostrava-město;
72300;Ostrava;Ostrava-město;
72400;Ostrava;Ostrava-město;
72525;Ostrava;Ostrava-město;
72526;Ostrava;Ostrava-město;
72527;Ostrava;Ostrava-město;
72528;Ostrava;Ostrava-město;
72529;Ostrava;Ostrava-město;
73301;Karviná;Karviná;
73401;Karviná;Karviná;
73503;Karviná;Karviná;
73506;Karviná;Karviná;
73511;Orlová;Karviná;
73514;Orlová;Karviná;
73531;Bohumín;Karviná;
73532;Orlová;Karviná;
73533;Doubrava;Karviná;
73534;Karviná;Karviná;
73535;Horní Suchá;Karviná;
73541;Petřvald;Karviná;
73542;Těrlicko;Karviná;
73543;Albrechtice;Karviná;
73551;Bohumín;Karviná;
73552;Bohumín;Karviná;
73553;Dolní Lutyně;Karviná;
73561;Chotěbuz;Karviná;
73562;Český Těšín;Karviná;
73564;Havířov;Karviná;
73571;Dětmarovice;Karviná;
73572;Petrovice u Karviné;Karviná;
73581;Bohumín;Karviná;
73601;Havířov;Karviná;
73701;Český Těšín;Karviná;
73801;Frýdek-Místek;Frýdek-Místek;
73901;Baška;Frýdek-Místek;
73904;Krásná;Frýdek-Místek;
73911;Frýdlant nad Ostravicí;Frýdek-Místek;
73912;Čeladná;Frýdek-Místek;
73913;Kunčice pod Ondřejníkem;Frýdek-Místek;
73914;Ostravice;Frýdek-Místek;
73915;Bílá;Frýdek-Místek;
73921;Paskov;Frýdek-Místek;
73923;Stará Ves nad Ondřejnicí;Ostrava-město;
73924;Krmelín;Frýdek-Místek;
73925;Sviadnov;Frýdek-Místek;
73932;Ostrava;Ostrava-město;
73934;Ostrava;Ostrava-město;
73936;Bruzovice;Frýdek-Místek;
73937;Horní Bludovice;Karviná;
73938;Dolní Domaslavice;Frýdek-Místek;
73939;Lučina;Frýdek-Místek;
73941;Frýdek-Místek;Frýdek-Místek;
73942;Frýdek-Místek;Frýdek-Místek;
73943;Staříč;Frýdek-Místek;
73944;Brušperk;Frýdek-Místek;
73945;Fryčovice;Frýdek-Místek;
73946;Fryčovice;Frýdek-Místek;
73947;Kozlovice;Frýdek-Místek;
73949;Metylovice;Frýdek-Místek;
73951;Dobrá;Frýdek-Místek;
73953;Dobratice;Frýdek-Místek;
73955;Řeka;Frýdek-Místek;
73959;Střítež;Frýdek-Místek;
73961;Ropice;Frýdek-Místek;
73981;Košařiska;Frýdek-Místek;
73984;Jablunkov;Frýdek-Místek;
73985;Bukovec;Frýdek-Místek;
73991;Bocanovice;Frýdek-Místek;
73992;Návsí;Frýdek-Místek;
73994;Třinec;Frýdek-Místek;
73995;Bystřice;Frýdek-Místek;
73997;Hrádek;Frýdek-Místek;
73998;Hrčava;Frýdek-Místek;
74101;Bernartice nad Odrou;Nový Jičín;
74201;Suchdol nad Odrou;Nový Jičín;
74213;Bartošovice;Nový Jičín;
74221;Kopřivnice;Nový Jičín;
74231;Starý Jičín;Nový Jičín;
74233;Jeseník nad Odrou;Nový Jičín;
74235;Heřmanice u Oder;Nový Jičín;
74236;Jakubčovice nad Odrou;Nový Jičín;
74237;Spálov;Nový Jičín;
74242;Šenov u Nového Jičína;Nový Jičín;
74243;Pustějov;Nový Jičín;
74245;Fulnek;Nový Jičín;
74247;Hladké Životice;Nový Jičín;
74251;Mošnov;Nový Jičín;
74253;Kunín;Nový Jičín;
74254;Bartošovice;Nový Jičín;
74255;Albrechtičky;Nový Jičín;
74256;Sedlnice;Nový Jičín;
74257;Nový Jičín;Nový Jičín;
74258;Fryčovice;Frýdek-Místek;
74260;Petřvald;Nový Jičín;
74265;Rybí;Nový Jičín;
74266;Štramberk;Nový Jičín;
74267;Ženklava;Nový Jičín;
74271;Hodslavice;Nový Jičín;
74272;Mořkov;Nový Jičín;
74273;Veřovice;Nový Jičín;
74274;Tichá;Nový Jičín;
74275;Lichnov;Nový Jičín;
74281;Bravantice;Nový Jičín;
74282;Jistebník;Nový Jičín;
74283;Klimkovice;Ostrava-město;
74285;Klimkovice;Ostrava-město;
74291;Velké Albrechtice;Nový Jičín;
74292;Bílovec;Nový Jičín;
74293;Slatina;Nový Jičín;
74301;Bílov;Nový Jičín;
74401;Bordovice;Nový Jičín;
74601;Opava;Opava;
74705;Opava;Opava;
74706;Chvalíkovice;Opava;
74707;Opava;Opava;
74711;Kozmice;Opava;
74714;Ludgeřovice;Opava;
74715;Šilheřovice;Opava;
74716;Hať;Opava;
74717;Darkovice;Opava;
74718;Píšť;Opava;
74719;Bohuslavice;Opava;
74720;Vřesina;Opava;
74721;Kravaře;Opava;
74722;Dolní Benešov;Opava;
74723;Bělá;Opava;
74724;Chuchelná;Opava;
74725;Rohov;Opava;
74727;Kobeřice;Opava;
74728;Opava;Opava;
74731;Chlebičov;Opava;
74733;Oldřišov;Opava;
74735;Hněvošice;Opava;
74741;Branka u Opavy;Opava;
74743;Větřkovice;Opava;
74744;Březová;Opava;
74745;Skřipov;Opava;
74747;Libavá;Olomouc;
74751;Stěbořice;Opava;
74752;Bratříkovice;Opava;
74753;Jakartovice;Opava;
74754;Mladecko;Opava;
74755;Dolní Životice;Opava;
74756;Dolní Životice;Opava;
74757;Slavkov;Opava;
74761;Raduň;Opava;
74762;Mokré Lazce;Opava;
74763;Hrabyně;Opava;
74764;Budišovice;Opava;
74766;Dolní Lhota;Ostrava-město;
74767;Hrabyně;Opava;
74768;Kyjovice;Opava;
74769;Hlubočec;Opava;
74770;Opava;Opava;
74771;Brumovice;Opava;
74773;Opava;Opava;
74774;Holasovice;Opava;
74775;Velké Heraltice;Opava;
74781;Otice;Opava;
74782;Štáblovice;Opava;
74784;Hradec nad Moravicí;Opava;
74786;Kružberk;Opava;
74787;Budišov nad Budišovkou;Opava;
74791;Štítina;Opava;
74792;Háj ve Slezsku;Opava;
74794;Děhylov;Opava;
74795;Opava;Opava;
74801;Hlučín;Opava;
74901;Březová;Opava;
75002;Beňov;Přerov;
75101;Lobodice;Přerov;
75102;Troubky;Přerov;
75103;Brodek u Přerova;Přerov;
75104;Rokytnice;Přerov;
75105;Kokory;Přerov;
75111;Hradčany;Přerov;
75114;Dřevohostice;Přerov;
75115;Beňov;Přerov;
75116;Podolí;Přerov;
75117;Horní Moštěnice;Přerov;
75118;Říkovice;Přerov;
75119;Věžky;Přerov;
75121;Buk;Přerov;
75122;Osek nad Bečvou;Přerov;
75123;Dolní Újezd;Přerov;
75124;Lhotka;Přerov;
75125;Dolní Újezd;Přerov;
75127;Přerov;Přerov;
75131;Bohuslávky;Přerov;
75144;Polkovice;Přerov;
75201;Kojetín;Přerov;
75301;Hrabůvka;Přerov;
75352;Skalička;Přerov;
75353;Býškovice;Přerov;
75354;Bezuchov;Přerov;
75355;Paršovice;Přerov;
75356;Opatovice;Přerov;
75361;Hranice;Přerov;
75362;Libavá;Olomouc;
75363;Střítež nad Ludinou;Přerov;
75364;Bělotín;Přerov;
75366;Hustopeče nad Bečvou;Přerov;
75367;Milotice nad Bečvou;Přerov;
75368;Černotín;Přerov;
75501;Janová;Vsetín;
75601;Hovězí;Vsetín;
75602;Huslenky;Vsetín;
75603;Halenkov;Vsetín;
75604;Nový Hrozenkov;Vsetín;
75605;Karolinka;Vsetín;
75606;Velké Karlovice;Vsetín;
75607;Zděchov;Vsetín;
75611;Leskovec;Vsetín;
75612;Francova Lhota;Vsetín;
75614;Francova Lhota;Vsetín;
75615;Lidečko;Vsetín;
75621;Kateřinice;Vsetín;
75622;Hošťálková;Vsetín;
75623;Jablůnka;Vsetín;
75624;Bystřička;Vsetín;
75625;Růžďka;Vsetín;
75627;Malá Bystřice;Vsetín;
75631;Liptál;Vsetín;
75641;Lešná;Vsetín;
75642;Choryně;Vsetín;
75643;Kelč;Vsetín;
75644;Kunovice;Vsetín;
75645;Branky;Vsetín;
75651;Zašová;Vsetín;
75652;Střítež nad Bečvou;Vsetín;
75653;Vidče;Vsetín;
75654;Zašová;Vsetín;
75655;Dolní Bečva;Vsetín;
75656;Prostřední Bečva;Vsetín;
75657;Horní Bečva;Vsetín;
75661;Dolní Bečva;Vsetín;
75662;Hutisko-Solanec;Vsetín;
75663;Valašské Meziříčí;Vsetín;
75701;Jarcová;Vsetín;
76001;Březnice;Zlín;
76005;Zlín;Zlín;
76301;Hostišová;Zlín;
76302;Karlovice;Zlín;
76307;Dobrkovice;Zlín;
76311;Hvozdná;Zlín;
76312;Bratřejov;Zlín;
76313;Jasenná;Zlín;
76314;Zlín;Zlín;
76315;Březová;Zlín;
76316;Fryšták;Zlín;
76317;Lukov;Zlín;
76318;Podkopná Lhota;Zlín;
76319;Držková;Zlín;
76321;Bohuslavice nad Vláří;Zlín;
76323;Dolní Lhota;Zlín;
76324;Haluzice;Zlín;
76325;Drnovice;Zlín;
76326;Dolní Lhota;Zlín;
76331;Brumov-Bylnice;Zlín;
76332;Návojná;Zlín;
76333;Jestřabí;Zlín;
76334;Brumov-Bylnice;Zlín;
76341;Biskupice;Zlín;
76345;Březůvky;Zlín;
76351;Bohuslavice u Zlína;Zlín;
76361;Komárov;Zlín;
76362;Otrokovice;Zlín;
76363;Halenkovice;Zlín;
76364;Spytihněv;Zlín;
76502;Hostišová;Zlín;
76601;Křekov;Zlín;
76701;Bařice-Velké Těšany;Kroměříž;
76801;Jarohněvice;Kroměříž;
76802;Cetechovice;Kroměříž;
76803;Roštín;Kroměříž;
76804;Střílky;Kroměříž;
76805;Chvalnov-Lísky;Kroměříž;
76811;Chropyně;Kroměříž;
76812;Rataje;Kroměříž;
76813;Honětice;Kroměříž;
76821;Bělov;Zlín;
76823;Břest;Kroměříž;
76824;Hulín;Kroměříž;
76831;Zlobice;Kroměříž;
76832;Zborovice;Kroměříž;
76833;Dřínov;Kroměříž;
76834;Pačlavice;Kroměříž;
76841;Bystřice pod Hostýnem;Kroměříž;
76842;Prusinovice;Kroměříž;
76843;Kostelec u Holešova;Kroměříž;
76845;Rusava;Kroměříž;
76852;Kurovice;Kroměříž;
76861;Blazice;Kroměříž;
76871;Komárno;Kroměříž;
76872;Chvalčov;Kroměříž;
76875;Loukov;Kroměříž;
76901;Bořenovice;Kroměříž;
77700;Velký Týnec;Olomouc;
77900;Bukovany;Olomouc;
78301;Olomouc;Olomouc;
78305;Horní Loděnice;Olomouc;
78306;Domašov nad Bystřicí;Olomouc;
78313;Liboš;Olomouc;
78314;Bohuňovice;Olomouc;
78316;Bělkovice-Lašťany;Olomouc;
78321;Bílá Lhota;Olomouc;
78322;Bílsko;Olomouc;
78324;Bílá Lhota;Olomouc;
78325;Bouzov;Olomouc;
78332;Náklo;Olomouc;
78333;Příkazy;Olomouc;
78335;Horka nad Moravou;Olomouc;
78336;Křelov-Břuchotín;Olomouc;
78342;Lutín;Olomouc;
78344;Drahanovice;Olomouc;
78345;Senice na Hané;Olomouc;
78346;Luběnice;Olomouc;
78347;Hněvotín;Olomouc;
78349;Lutín;Olomouc;
78353;Velká Bystřice;Olomouc;
78354;Přáslavice;Olomouc;
78355;Velký Újezd;Olomouc;
78356;Doloplazy;Olomouc;
78357;Libavá;Olomouc;
78361;Hlubočky;Olomouc;
78365;Hlubočky;Olomouc;
78372;Velký Týnec;Olomouc;
78373;Grygov;Olomouc;
78375;Blatec;Olomouc;
78383;Lipinka;Olomouc;
78385;Šumvald;Olomouc;
78386;Dlouhá Loučka;Olomouc;
78391;Medlov;Olomouc;
78396;Újezd;Olomouc;
78397;Paseka;Olomouc;
78401;Červenka;Olomouc;
78501;Babice;Olomouc;
78701;Bratrušov;Šumperk;
78801;Oskava;Šumperk;
78803;Nový Malín;Šumperk;
78804;Hrabišín;Šumperk;
78805;Libina;Šumperk;
78811;Loučná nad Desnou;Šumperk;
78813;Rapotín;Šumperk;
78814;Petrov nad Desnou;Šumperk;
78815;Hraběšice;Šumperk;
78816;Petrov nad Desnou;Šumperk;
78820;Dolní Studénky;Šumperk;
78821;Kolšov;Šumperk;
78823;Jindřichov;Šumperk;
78825;Branná;Šumperk;
78832;Hanušovice;Šumperk;
78833;Hanušovice;Šumperk;
78901;Dlouhomilov;Šumperk;
78961;Bludov;Šumperk;
78962;Bohutín;Šumperk;
78963;Ruda nad Moravou;Šumperk;
78964;Bohdíkov;Šumperk;
78969;Postřelmov;Šumperk;
78971;Leština;Šumperk;
78972;Bohuslavice;Šumperk;
78973;Klopina;Šumperk;
78974;Kamenná;Šumperk;
78975;Brníčko;Šumperk;
78982;Moravičany;Šumperk;
78983;Loštice;Šumperk;
78985;Líšnice;Šumperk;
78991;Jakubovice;Šumperk;
79001;Bělá pod Pradědem;Jeseník;
79051;Supíkovice;Jeseník;
79052;Velké Kunětice;Jeseník;
79053;Stará Červená Voda;Jeseník;
79054;Černá Voda;Jeseník;
79055;Vidnava;Jeseník;
79057;Bernartice;Jeseník;
79058;Velká Kraš;Jeseník;
79061;Lipová-lázně;Jeseník;
79063;Lipová-lázně;Jeseník;
79064;Vápenná;Jeseník;
79065;Kobylá nad Vidnavkou;Jeseník;
79069;Bílá Voda;Jeseník;
79070;Javorník;Jeseník;
79081;Česká Ves;Jeseník;
79082;Písečná;Jeseník;
79084;Hradec-Nová Ves;Jeseník;
79201;Bruntál;Bruntál;
79302;Lomnice;Bruntál;
79303;Dětřichov nad Bystřicí;Bruntál;
79305;Dětřichov nad Bystřicí;Bruntál;
79312;Horní Benešov;Bruntál;
79315;Lichnov;Bruntál;
79316;Čaková;Bruntál;
79323;Karlovice;Bruntál;
79324;Karlova Studánka;Bruntál;
79326;Karlovice;Bruntál;
79331;Andělská Hora;Bruntál;
79336;Malá Morávka;Bruntál;
79342;Rýmařov;Bruntál;
79344;Horní Město;Bruntál;
79351;Břidličná;Bruntál;
79356;Ryžoviště;Bruntál;
79368;Bílčice;Bruntál;
79371;Heřmanovice;Bruntál;
79374;Heřmanovice;Bruntál;
79376;Zlaté Hory;Jeseník;
79382;Třemešná;Bruntál;
79383;Jindřichov;Bruntál;
79384;Janov;Bruntál;
79391;Úvalno;Bruntál;
79393;Brantice;Bruntál;
79395;Krnov;Bruntál;
79397;Bohušov;Bruntál;
79399;Bohušov;Bruntál;
79401;Brantice;Bruntál;
79501;Dolní Moravice;Bruntál;
79601;Prostějov;Prostějov;
79603;Prostějov;Prostějov;
79604;Prostějov;Prostějov;
79607;Držovice;Prostějov;
79802;Mostkovice;Prostějov;
79803;Březina;Vyškov;
79804;Alojzov;Prostějov;
79805;Březina;Vyškov;
79806;Otaslavice;Prostějov;
79807;Brodek u Prostějova;Prostějov;
79808;Vranovice-Kelčice;Prostějov;
79809;Vřesovice;Prostějov;
79811;Prostějov;Prostějov;
79812;Biskupice;Prostějov;
79813;Vrbátky;Prostějov;
79814;Olšany u Prostějova;Prostějov;
79816;Čelechovice na Hané;Prostějov;
79817;Smržice;Prostějov;
79821;Bedihošť;Prostějov;
79823;Čelčice;Prostějov;
79824;Pivín;Prostějov;
79825;Dobromilice;Prostějov;
79826;Doloplazy;Prostějov;
79827;Hruška;Prostějov;
79828;Mořice;Prostějov;
79829;Koválovice-Osíčany;Prostějov;
79830;Pavlovice u Kojetína;Prostějov;
79841;Bílovice-Lutotín;Prostějov;
79842;Lešany;Prostějov;
79843;Ptení;Prostějov;
79844;Stražisko;Prostějov;
79845;Brodek u Konice;Prostějov;
79846;Brodek u Konice;Prostějov;
79847;Horní Štěpánov;Prostějov;
79848;Buková;Prostějov;
79849;Malé Hradisko;Prostějov;
79851;Přemyslovice;Prostějov;
79852;Březsko;Prostějov;
79853;Dzbel;Prostějov;
79854;Kladky;Prostějov;
79855;Hačky;Prostějov;
79856;Bohuslavice;Prostějov;
79857;Laškov;Prostějov;
79858;Čechy pod Kosířem;Prostějov;
79861;Bousín;Prostějov;
79862;Rozstání;Prostějov;
